image_path,similarity
NEU-DET-2/train/images/inclusion_277.jpg,0.76844752
NEU-DET-2/train/images/inclusion_263.jpg,0.76483434
NEU-DET-2/train/images/inclusion_280.jpg,0.72811562
NEU-DET-2/train/images/inclusion_224.jpg,0.72760546
NEU-DET-2/train/images/inclusion_281.jpg,0.72105539
NEU-DET-2/train/images/inclusion_195.jpg,0.72024733
NEU-DET-2/train/images/inclusion_268.jpg,0.71824372
NEU-DET-2/train/images/inclusion_131.jpg,0.71588910
NEU-DET-2/train/images/inclusion_203.jpg,0.71405810
NEU-DET-2/train/images/inclusion_288.jpg,0.71090907
NEU-DET-2/train/images/inclusion_217.jpg,0.70566845
NEU-DET-2/train/images/inclusion_82.jpg,0.70370245
NEU-DET-2/train/images/inclusion_79.jpg,0.70341945
NEU-DET-2/train/images/inclusion_279.jpg,0.70071566
NEU-DET-2/train/images/inclusion_296.jpg,0.69164258
NEU-DET-2/train/images/inclusion_192.jpg,0.68981451
NEU-DET-2/train/images/inclusion_194.jpg,0.68606478
NEU-DET-2/train/images/scratches_63.jpg,0.67688113
NEU-DET-2/train/images/inclusion_285.jpg,0.67594028
NEU-DET-2/train/images/inclusion_270.jpg,0.67301899
NEU-DET-2/train/images/inclusion_103.jpg,0.67083669
NEU-DET-2/train/images/inclusion_295.jpg,0.67078233
NEU-DET-2/train/images/inclusion_61.jpg,0.66981584
NEU-DET-2/train/images/inclusion_159.jpg,0.66853362
NEU-DET-2/train/images/scratches_65.jpg,0.66625774
NEU-DET-2/train/images/inclusion_226.jpg,0.66247064
NEU-DET-2/train/images/inclusion_90.jpg,0.66177642
NEU-DET-2/train/images/inclusion_289.jpg,0.65993506
NEU-DET-2/train/images/inclusion_200.jpg,0.65946573
NEU-DET-2/train/images/inclusion_278.jpg,0.65879208
NEU-DET-2/train/images/inclusion_129.jpg,0.65838706
NEU-DET-2/train/images/inclusion_298.jpg,0.65734524
NEU-DET-2/train/images/inclusion_185.jpg,0.65541047
NEU-DET-2/train/images/inclusion_204.jpg,0.65384257
NEU-DET-2/train/images/inclusion_179.jpg,0.65376633
NEU-DET-2/train/images/scratches_64.jpg,0.65266824
NEU-DET-2/train/images/inclusion_286.jpg,0.64776409
NEU-DET-2/train/images/inclusion_294.jpg,0.64456016
NEU-DET-2/train/images/inclusion_106.jpg,0.64240068
NEU-DET-2/train/images/inclusion_169.jpg,0.64138699
NEU-DET-2/train/images/scratches_134.jpg,0.64002353
NEU-DET-2/train/images/inclusion_73.jpg,0.63939685
NEU-DET-2/train/images/inclusion_249.jpg,0.63816404
NEU-DET-2/train/images/inclusion_225.jpg,0.63789755
NEU-DET-2/train/images/inclusion_142.jpg,0.63729978
NEU-DET-2/train/images/inclusion_173.jpg,0.63656133
NEU-DET-2/train/images/inclusion_182.jpg,0.63594288
NEU-DET-2/train/images/scratches_61.jpg,0.63513613
NEU-DET-2/train/images/scratches_133.jpg,0.63360739
NEU-DET-2/train/images/inclusion_143.jpg,0.63319612
NEU-DET-2/train/images/inclusion_218.jpg,0.63302296
NEU-DET-2/train/images/inclusion_71.jpg,0.63208270
NEU-DET-2/train/images/inclusion_290.jpg,0.63115084
NEU-DET-2/train/images/inclusion_184.jpg,0.62993276
NEU-DET-2/train/images/inclusion_112.jpg,0.62814248
NEU-DET-2/train/images/inclusion_228.jpg,0.62743413
NEU-DET-2/train/images/inclusion_250.jpg,0.62622052
NEU-DET-2/train/images/inclusion_273.jpg,0.62424290
NEU-DET-2/train/images/scratches_69.jpg,0.62418091
NEU-DET-2/train/images/inclusion_257.jpg,0.62412381
NEU-DET-2/train/images/inclusion_282.jpg,0.62376344
NEU-DET-2/train/images/inclusion_254.jpg,0.62143612
NEU-DET-2/train/images/inclusion_247.jpg,0.62084496
NEU-DET-2/train/images/inclusion_206.jpg,0.62080371
NEU-DET-2/train/images/inclusion_197.jpg,0.61995614
NEU-DET-2/train/images/inclusion_205.jpg,0.61963558
NEU-DET-2/train/images/inclusion_99.jpg,0.61956966
NEU-DET-2/train/images/inclusion_74.jpg,0.61938769
NEU-DET-2/train/images/inclusion_253.jpg,0.61904192
NEU-DET-2/train/images/inclusion_180.jpg,0.61869884
NEU-DET-2/train/images/inclusion_229.jpg,0.61860478
NEU-DET-2/train/images/scratches_67.jpg,0.61710823
NEU-DET-2/train/images/inclusion_133.jpg,0.61367124
NEU-DET-2/train/images/inclusion_77.jpg,0.61292380
NEU-DET-2/train/images/inclusion_147.jpg,0.61260742
NEU-DET-2/train/images/inclusion_212.jpg,0.60940272
NEU-DET-2/train/images/inclusion_214.jpg,0.60875911
NEU-DET-2/train/images/inclusion_186.jpg,0.60850543
NEU-DET-2/train/images/inclusion_128.jpg,0.60818315
NEU-DET-2/train/images/inclusion_297.jpg,0.60805374
NEU-DET-2/train/images/inclusion_276.jpg,0.60757685
NEU-DET-2/train/images/inclusion_207.jpg,0.60606033
NEU-DET-2/train/images/inclusion_102.jpg,0.60437834
NEU-DET-2/train/images/inclusion_210.jpg,0.60359234
NEU-DET-2/train/images/inclusion_222.jpg,0.60323274
NEU-DET-2/train/images/inclusion_287.jpg,0.60299045
NEU-DET-2/train/images/inclusion_183.jpg,0.60279763
NEU-DET-2/train/images/inclusion_215.jpg,0.60148239
NEU-DET-2/train/images/inclusion_223.jpg,0.60143572
NEU-DET-2/train/images/inclusion_230.jpg,0.60103852
NEU-DET-2/train/images/inclusion_98.jpg,0.60041082
NEU-DET-2/train/images/inclusion_202.jpg,0.59999162
NEU-DET-2/train/images/inclusion_260.jpg,0.59972709
NEU-DET-2/train/images/inclusion_132.jpg,0.59956861
NEU-DET-2/train/images/inclusion_201.jpg,0.59817493
NEU-DET-2/train/images/inclusion_261.jpg,0.59472871
NEU-DET-2/train/images/inclusion_100.jpg,0.59370357
NEU-DET-2/train/images/inclusion_216.jpg,0.59285241
NEU-DET-2/train/images/inclusion_127.jpg,0.59167302
NEU-DET-2/train/images/inclusion_211.jpg,0.59110004
NEU-DET-2/train/images/inclusion_83.jpg,0.58898240
NEU-DET-2/train/images/scratches_70.jpg,0.58736587
NEU-DET-2/train/images/inclusion_101.jpg,0.58698928
NEU-DET-2/train/images/inclusion_104.jpg,0.58511162
NEU-DET-2/train/images/inclusion_63.jpg,0.58492035
NEU-DET-2/train/images/inclusion_220.jpg,0.58439821
NEU-DET-2/train/images/inclusion_256.jpg,0.58355284
NEU-DET-2/train/images/inclusion_213.jpg,0.58338279
NEU-DET-2/train/images/inclusion_108.jpg,0.58203095
NEU-DET-2/train/images/scratches_62.jpg,0.58156180
NEU-DET-2/train/images/inclusion_174.jpg,0.58155602
NEU-DET-2/train/images/inclusion_175.jpg,0.58119506
NEU-DET-2/train/images/pitted_surface_87.jpg,0.58010459
NEU-DET-2/train/images/inclusion_259.jpg,0.57969159
NEU-DET-2/train/images/inclusion_158.jpg,0.57901359
NEU-DET-2/train/images/inclusion_188.jpg,0.57676440
NEU-DET-2/train/images/inclusion_172.jpg,0.57629251
NEU-DET-2/train/images/inclusion_198.jpg,0.57625228
NEU-DET-2/train/images/scratches_87.jpg,0.57601094
NEU-DET-2/train/images/inclusion_299.jpg,0.57548785
NEU-DET-2/train/images/inclusion_258.jpg,0.57547939
NEU-DET-2/train/images/inclusion_148.jpg,0.57493204
NEU-DET-2/train/images/inclusion_199.jpg,0.57360828
NEU-DET-2/train/images/inclusion_160.jpg,0.57282293
NEU-DET-2/train/images/inclusion_136.jpg,0.57139182
NEU-DET-2/train/images/scratches_89.jpg,0.56920081
NEU-DET-2/train/images/inclusion_110.jpg,0.56913388
NEU-DET-2/train/images/inclusion_284.jpg,0.56900680
NEU-DET-2/train/images/inclusion_96.jpg,0.56727797
NEU-DET-2/train/images/inclusion_266.jpg,0.56483889
NEU-DET-2/train/images/inclusion_293.jpg,0.56429613
NEU-DET-2/train/images/inclusion_156.jpg,0.56419414
NEU-DET-2/train/images/inclusion_269.jpg,0.56306762
NEU-DET-2/train/images/inclusion_267.jpg,0.56233746
NEU-DET-2/train/images/inclusion_168.jpg,0.56144285
NEU-DET-2/train/images/inclusion_138.jpg,0.56103110
NEU-DET-2/train/images/inclusion_265.jpg,0.56062949
NEU-DET-2/train/images/inclusion_251.jpg,0.55934238
NEU-DET-2/train/images/inclusion_219.jpg,0.55808055
NEU-DET-2/train/images/inclusion_126.jpg,0.55682075
NEU-DET-2/train/images/inclusion_189.jpg,0.55676317
NEU-DET-2/train/images/inclusion_144.jpg,0.55614328
NEU-DET-2/train/images/inclusion_196.jpg,0.55604339
NEU-DET-2/train/images/inclusion_239.jpg,0.55508560
NEU-DET-2/train/images/inclusion_170.jpg,0.55294335
NEU-DET-2/train/images/inclusion_130.jpg,0.55119997
NEU-DET-2/train/images/inclusion_178.jpg,0.55115813
NEU-DET-2/train/images/inclusion_248.jpg,0.55040616
NEU-DET-2/train/images/inclusion_137.jpg,0.54839909
NEU-DET-2/train/images/inclusion_274.jpg,0.54797363
NEU-DET-2/train/images/inclusion_75.jpg,0.54633653
NEU-DET-2/train/images/inclusion_227.jpg,0.54527056
NEU-DET-2/train/images/inclusion_291.jpg,0.54252082
NEU-DET-2/train/images/inclusion_161.jpg,0.54137653
NEU-DET-2/train/images/inclusion_134.jpg,0.54071021
NEU-DET-2/train/images/inclusion_262.jpg,0.53724444
NEU-DET-2/train/images/scratches_66.jpg,0.53527451
NEU-DET-2/train/images/inclusion_145.jpg,0.53389120
NEU-DET-2/train/images/inclusion_146.jpg,0.53366166
NEU-DET-2/train/images/inclusion_72.jpg,0.53356981
NEU-DET-2/train/images/inclusion_68.jpg,0.53285700
NEU-DET-2/train/images/inclusion_236.jpg,0.53278798
NEU-DET-2/train/images/inclusion_171.jpg,0.53278434
NEU-DET-2/train/images/inclusion_84.jpg,0.53201282
NEU-DET-2/train/images/inclusion_78.jpg,0.53169274
NEU-DET-2/train/images/inclusion_255.jpg,0.53094971
NEU-DET-2/train/images/scratches_90.jpg,0.53091824
NEU-DET-2/train/images/pitted_surface_68.jpg,0.53089672
NEU-DET-2/train/images/scratches_103.jpg,0.52952969
NEU-DET-2/train/images/inclusion_70.jpg,0.52944511
NEU-DET-2/train/images/inclusion_149.jpg,0.52940381
NEU-DET-2/train/images/inclusion_181.jpg,0.52926719
NEU-DET-2/train/images/inclusion_238.jpg,0.52892053
NEU-DET-2/train/images/inclusion_76.jpg,0.52803099
NEU-DET-2/train/images/inclusion_153.jpg,0.52652317
NEU-DET-2/train/images/inclusion_118.jpg,0.52452904
NEU-DET-2/train/images/inclusion_193.jpg,0.52440047
NEU-DET-2/train/images/inclusion_272.jpg,0.52432567
NEU-DET-2/train/images/scratches_184.jpg,0.52342457
NEU-DET-2/train/images/inclusion_91.jpg,0.52199870
NEU-DET-2/train/images/inclusion_97.jpg,0.52136070
NEU-DET-2/train/images/scratches_300.jpg,0.52040178
NEU-DET-2/train/images/inclusion_246.jpg,0.51696002
NEU-DET-2/train/images/inclusion_300.jpg,0.51502293
NEU-DET-2/train/images/inclusion_209.jpg,0.51231682
NEU-DET-2/train/images/inclusion_264.jpg,0.51135021
NEU-DET-2/train/images/inclusion_139.jpg,0.51018143
NEU-DET-2/train/images/scratches_68.jpg,0.50816244
NEU-DET-2/train/images/inclusion_66.jpg,0.50754035
NEU-DET-2/train/images/inclusion_135.jpg,0.50537866
NEU-DET-2/train/images/inclusion_167.jpg,0.50436991
NEU-DET-2/train/images/inclusion_64.jpg,0.50422388
NEU-DET-2/train/images/inclusion_187.jpg,0.50112480
NEU-DET-2/train/images/inclusion_176.jpg,0.49966851
NEU-DET-2/train/images/inclusion_245.jpg,0.49906430
NEU-DET-2/train/images/inclusion_221.jpg,0.49904162
NEU-DET-2/train/images/inclusion_152.jpg,0.49822664
NEU-DET-2/train/images/scratches_201.jpg,0.49478266
NEU-DET-2/train/images/pitted_surface_211.jpg,0.49477980
NEU-DET-2/train/images/inclusion_271.jpg,0.49311560
NEU-DET-2/train/images/inclusion_107.jpg,0.49281099
NEU-DET-2/train/images/inclusion_123.jpg,0.49246150
NEU-DET-2/train/images/scratches_74.jpg,0.49131873
NEU-DET-2/train/images/inclusion_105.jpg,0.48970452
NEU-DET-2/train/images/inclusion_252.jpg,0.48911566
NEU-DET-2/train/images/scratches_83.jpg,0.48832250
NEU-DET-2/train/images/inclusion_190.jpg,0.48788324
NEU-DET-2/train/images/inclusion_140.jpg,0.48656145
NEU-DET-2/train/images/inclusion_208.jpg,0.48641700
NEU-DET-2/train/images/inclusion_237.jpg,0.48246413
NEU-DET-2/train/images/inclusion_177.jpg,0.48002246
NEU-DET-2/train/images/inclusion_92.jpg,0.47997928
NEU-DET-2/train/images/scratches_298.jpg,0.47964853
NEU-DET-2/train/images/scratches_255.jpg,0.47506568
NEU-DET-2/train/images/inclusion_191.jpg,0.47448161
NEU-DET-2/train/images/inclusion_95.jpg,0.47440621
NEU-DET-2/train/images/scratches_71.jpg,0.47356135
NEU-DET-2/train/images/inclusion_117.jpg,0.47343042
NEU-DET-2/train/images/scratches_84.jpg,0.46757573
NEU-DET-2/train/images/scratches_80.jpg,0.46671993
NEU-DET-2/train/images/scratches_73.jpg,0.46585703
NEU-DET-2/train/images/inclusion_231.jpg,0.46216440
NEU-DET-2/train/images/scratches_136.jpg,0.46168536
NEU-DET-2/train/images/scratches_149.jpg,0.45995882
NEU-DET-2/train/images/scratches_152.jpg,0.45932117
NEU-DET-2/train/images/inclusion_80.jpg,0.45848581
NEU-DET-2/train/images/scratches_72.jpg,0.45810175
NEU-DET-2/train/images/scratches_113.jpg,0.45763546
NEU-DET-2/train/images/scratches_175.jpg,0.45731273
NEU-DET-2/train/images/inclusion_109.jpg,0.45483023
NEU-DET-2/train/images/inclusion_69.jpg,0.45270932
NEU-DET-2/train/images/inclusion_157.jpg,0.45009220
NEU-DET-2/train/images/scratches_112.jpg,0.44993547
NEU-DET-2/train/images/scratches_288.jpg,0.44911382
NEU-DET-2/train/images/scratches_297.jpg,0.44884816
NEU-DET-2/train/images/inclusion_141.jpg,0.44709530
NEU-DET-2/train/images/scratches_102.jpg,0.44474342
NEU-DET-2/train/images/inclusion_292.jpg,0.44365272
NEU-DET-2/train/images/scratches_88.jpg,0.44356471
NEU-DET-2/train/images/inclusion_150.jpg,0.44235423
NEU-DET-2/train/images/scratches_287.jpg,0.44158086
NEU-DET-2/train/images/inclusion_86.jpg,0.43466869
NEU-DET-2/train/images/scratches_86.jpg,0.43381009
NEU-DET-2/train/images/inclusion_165.jpg,0.43374571
NEU-DET-2/train/images/inclusion_235.jpg,0.43344569
NEU-DET-2/train/images/inclusion_242.jpg,0.43282327
NEU-DET-2/train/images/scratches_77.jpg,0.43163437
NEU-DET-2/train/images/inclusion_89.jpg,0.42489427
NEU-DET-2/train/images/scratches_76.jpg,0.42263755
NEU-DET-2/train/images/inclusion_243.jpg,0.41964659
NEU-DET-2/train/images/inclusion_121.jpg,0.41768065
NEU-DET-2/train/images/scratches_114.jpg,0.41632095
NEU-DET-2/train/images/scratches_262.jpg,0.41618836
NEU-DET-2/train/images/scratches_256.jpg,0.41457409
NEU-DET-2/train/images/inclusion_81.jpg,0.41434169
NEU-DET-2/train/images/scratches_135.jpg,0.41302407
NEU-DET-2/train/images/inclusion_114.jpg,0.41285923
NEU-DET-2/train/images/scratches_115.jpg,0.41222399
NEU-DET-2/train/images/inclusion_124.jpg,0.41119009
NEU-DET-2/train/images/scratches_105.jpg,0.40973744
NEU-DET-2/train/images/scratches_185.jpg,0.40917259
NEU-DET-2/train/images/scratches_145.jpg,0.40851879
NEU-DET-2/train/images/scratches_124.jpg,0.40693864
NEU-DET-2/train/images/scratches_100.jpg,0.40555209
NEU-DET-2/train/images/inclusion_67.jpg,0.40539885
NEU-DET-2/train/images/inclusion_283.jpg,0.40524542
NEU-DET-2/train/images/scratches_96.jpg,0.40417027
NEU-DET-2/train/images/inclusion_240.jpg,0.40364745
NEU-DET-2/train/images/inclusion_241.jpg,0.40336892
NEU-DET-2/train/images/inclusion_125.jpg,0.40314916
NEU-DET-2/train/images/scratches_195.jpg,0.40300730
NEU-DET-2/train/images/scratches_110.jpg,0.40282196
NEU-DET-2/train/images/scratches_108.jpg,0.40210122
NEU-DET-2/train/images/inclusion_88.jpg,0.39976507
NEU-DET-2/train/images/inclusion_119.jpg,0.39911303
NEU-DET-2/train/images/scratches_247.jpg,0.39900309
NEU-DET-2/train/images/inclusion_93.jpg,0.39848635
NEU-DET-2/train/images/scratches_143.jpg,0.39847732
NEU-DET-2/train/images/scratches_181.jpg,0.39787257
NEU-DET-2/train/images/inclusion_65.jpg,0.39529997
NEU-DET-2/train/images/scratches_277.jpg,0.39415351
NEU-DET-2/train/images/scratches_144.jpg,0.39387107
NEU-DET-2/train/images/scratches_85.jpg,0.39342543
NEU-DET-2/train/images/scratches_289.jpg,0.39322886
NEU-DET-2/train/images/inclusion_113.jpg,0.39292032
NEU-DET-2/train/images/scratches_173.jpg,0.39269733
NEU-DET-2/train/images/scratches_119.jpg,0.39206985
NEU-DET-2/train/images/inclusion_116.jpg,0.39152455
NEU-DET-2/train/images/inclusion_111.jpg,0.39024973
NEU-DET-2/train/images/scratches_291.jpg,0.38816217
NEU-DET-2/train/images/inclusion_155.jpg,0.38796264
NEU-DET-2/train/images/scratches_117.jpg,0.38587910
NEU-DET-2/train/images/scratches_190.jpg,0.38568765
NEU-DET-2/train/images/scratches_180.jpg,0.38516355
NEU-DET-2/train/images/scratches_142.jpg,0.38481098
NEU-DET-2/train/images/inclusion_232.jpg,0.38401282
NEU-DET-2/train/images/scratches_91.jpg,0.38301599
NEU-DET-2/train/images/inclusion_62.jpg,0.38228720
NEU-DET-2/train/images/scratches_150.jpg,0.38159594
NEU-DET-2/train/images/inclusion_85.jpg,0.37958220
NEU-DET-2/train/images/scratches_263.jpg,0.37908790
NEU-DET-2/train/images/scratches_178.jpg,0.37594309
NEU-DET-2/train/images/scratches_299.jpg,0.37577370
NEU-DET-2/train/images/inclusion_244.jpg,0.37545910
NEU-DET-2/train/images/scratches_151.jpg,0.37069365
NEU-DET-2/train/images/inclusion_87.jpg,0.36748508
NEU-DET-2/train/images/scratches_104.jpg,0.36616537
NEU-DET-2/train/images/scratches_189.jpg,0.36395079
NEU-DET-2/train/images/scratches_196.jpg,0.36338353
NEU-DET-2/train/images/scratches_116.jpg,0.36205953
NEU-DET-2/train/images/scratches_147.jpg,0.36107796
NEU-DET-2/train/images/scratches_206.jpg,0.36052665
NEU-DET-2/train/images/inclusion_163.jpg,0.36050868
NEU-DET-2/train/images/scratches_138.jpg,0.35938343
NEU-DET-2/train/images/scratches_137.jpg,0.35930082
NEU-DET-2/train/images/scratches_169.jpg,0.35817415
NEU-DET-2/train/images/scratches_176.jpg,0.35652015
NEU-DET-2/train/images/scratches_261.jpg,0.35587296
NEU-DET-2/train/images/pitted_surface_123.jpg,0.35543811
NEU-DET-2/train/images/scratches_293.jpg,0.35521036
NEU-DET-2/train/images/scratches_109.jpg,0.35454679
NEU-DET-2/train/images/scratches_258.jpg,0.35435268
NEU-DET-2/train/images/scratches_122.jpg,0.35414061
NEU-DET-2/train/images/scratches_107.jpg,0.35303408
NEU-DET-2/train/images/scratches_82.jpg,0.35070166
NEU-DET-2/train/images/scratches_111.jpg,0.34907061
NEU-DET-2/train/images/inclusion_234.jpg,0.34895399
NEU-DET-2/train/images/scratches_118.jpg,0.34853312
NEU-DET-2/train/images/scratches_207.jpg,0.34678057
NEU-DET-2/train/images/scratches_179.jpg,0.34502727
NEU-DET-2/train/images/inclusion_94.jpg,0.34421843
NEU-DET-2/train/images/inclusion_122.jpg,0.34299535
NEU-DET-2/train/images/scratches_251.jpg,0.34287354
NEU-DET-2/train/images/scratches_202.jpg,0.34245056
NEU-DET-2/train/images/pitted_surface_196.jpg,0.33929470
NEU-DET-2/train/images/scratches_200.jpg,0.33885354
NEU-DET-2/train/images/scratches_81.jpg,0.33594161
NEU-DET-2/train/images/scratches_170.jpg,0.33492506
NEU-DET-2/train/images/scratches_92.jpg,0.33290085
NEU-DET-2/train/images/inclusion_275.jpg,0.33262652
NEU-DET-2/train/images/scratches_183.jpg,0.33230290
NEU-DET-2/train/images/pitted_surface_232.jpg,0.33132681
NEU-DET-2/train/images/inclusion_115.jpg,0.32553372
NEU-DET-2/train/images/scratches_146.jpg,0.32493567
NEU-DET-2/train/images/scratches_232.jpg,0.32479972
NEU-DET-2/train/images/scratches_177.jpg,0.32478186
NEU-DET-2/train/images/scratches_268.jpg,0.32443133
NEU-DET-2/train/images/scratches_141.jpg,0.32409951
NEU-DET-2/train/images/pitted_surface_265.jpg,0.32403499
NEU-DET-2/train/images/scratches_294.jpg,0.32403332
NEU-DET-2/train/images/scratches_75.jpg,0.32255769
NEU-DET-2/train/images/inclusion_166.jpg,0.32204518
NEU-DET-2/train/images/pitted_surface_191.jpg,0.32127446
NEU-DET-2/train/images/scratches_204.jpg,0.32100627
NEU-DET-2/train/images/scratches_120.jpg,0.32095453
NEU-DET-2/train/images/scratches_285.jpg,0.31925854
NEU-DET-2/train/images/scratches_148.jpg,0.31900564
NEU-DET-2/train/images/scratches_205.jpg,0.31886292
NEU-DET-2/train/images/scratches_167.jpg,0.31574422
NEU-DET-2/train/images/scratches_203.jpg,0.31499460
NEU-DET-2/train/images/scratches_123.jpg,0.31455368
NEU-DET-2/train/images/scratches_139.jpg,0.31313649
NEU-DET-2/train/images/inclusion_233.jpg,0.31305343
NEU-DET-2/train/images/scratches_97.jpg,0.31231490
NEU-DET-2/train/images/scratches_153.jpg,0.31075552
NEU-DET-2/train/images/scratches_94.jpg,0.30801174
NEU-DET-2/train/images/scratches_171.jpg,0.30751356
NEU-DET-2/train/images/inclusion_120.jpg,0.30748999
NEU-DET-2/train/images/scratches_95.jpg,0.30408159
NEU-DET-2/train/images/scratches_174.jpg,0.30356717
NEU-DET-2/train/images/scratches_156.jpg,0.29958984
NEU-DET-2/train/images/scratches_79.jpg,0.29865074
NEU-DET-2/train/images/scratches_198.jpg,0.29811096
NEU-DET-2/train/images/scratches_276.jpg,0.29667020
NEU-DET-2/train/images/scratches_208.jpg,0.29604891
NEU-DET-2/train/images/scratches_292.jpg,0.29536250
NEU-DET-2/train/images/scratches_78.jpg,0.29449397
NEU-DET-2/train/images/inclusion_164.jpg,0.29426491
NEU-DET-2/train/images/scratches_182.jpg,0.29420328
NEU-DET-2/train/images/inclusion_151.jpg,0.29202405
NEU-DET-2/train/images/inclusion_154.jpg,0.29164919
NEU-DET-2/train/images/scratches_101.jpg,0.29066586
NEU-DET-2/train/images/inclusion_162.jpg,0.28929874
NEU-DET-2/train/images/pitted_surface_143.jpg,0.28831404
NEU-DET-2/train/images/scratches_193.jpg,0.28416800
NEU-DET-2/train/images/scratches_93.jpg,0.28363451
NEU-DET-2/train/images/pitted_surface_288.jpg,0.28164393
NEU-DET-2/train/images/scratches_214.jpg,0.27864793
NEU-DET-2/train/images/scratches_127.jpg,0.27657315
NEU-DET-2/train/images/scratches_168.jpg,0.27497381
NEU-DET-2/train/images/scratches_154.jpg,0.27445447
NEU-DET-2/train/images/scratches_278.jpg,0.27053103
NEU-DET-2/train/images/scratches_199.jpg,0.26976374
NEU-DET-2/train/images/pitted_surface_216.jpg,0.26892698
NEU-DET-2/train/images/scratches_240.jpg,0.26797408
NEU-DET-2/train/images/scratches_172.jpg,0.26787308
NEU-DET-2/train/images/scratches_266.jpg,0.26721820
NEU-DET-2/train/images/scratches_248.jpg,0.26626521
NEU-DET-2/train/images/scratches_197.jpg,0.26552275
NEU-DET-2/train/images/scratches_296.jpg,0.26008040
NEU-DET-2/train/images/scratches_259.jpg,0.25981978
NEU-DET-2/train/images/scratches_188.jpg,0.25931969
NEU-DET-2/train/images/scratches_98.jpg,0.25906476
NEU-DET-2/train/images/scratches_194.jpg,0.25848842
NEU-DET-2/train/images/scratches_121.jpg,0.25734973
NEU-DET-2/train/images/scratches_192.jpg,0.25671250
NEU-DET-2/train/images/scratches_159.jpg,0.25645038
NEU-DET-2/train/images/scratches_257.jpg,0.25318149
NEU-DET-2/train/images/pitted_surface_108.jpg,0.25306183
NEU-DET-2/train/images/scratches_253.jpg,0.25204709
NEU-DET-2/train/images/scratches_164.jpg,0.24950668
NEU-DET-2/train/images/pitted_surface_286.jpg,0.24849853
NEU-DET-2/train/images/scratches_129.jpg,0.24848436
NEU-DET-2/train/images/scratches_106.jpg,0.24805477
NEU-DET-2/train/images/scratches_222.jpg,0.24770123
NEU-DET-2/train/images/scratches_246.jpg,0.24763462
NEU-DET-2/train/images/pitted_surface_66.jpg,0.24474880
NEU-DET-2/train/images/scratches_165.jpg,0.24331272
NEU-DET-2/train/images/scratches_140.jpg,0.24258575
NEU-DET-2/train/images/scratches_282.jpg,0.24214791
NEU-DET-2/train/images/scratches_233.jpg,0.24125440
NEU-DET-2/train/images/scratches_286.jpg,0.23974256
NEU-DET-2/train/images/scratches_220.jpg,0.23927048
NEU-DET-2/train/images/pitted_surface_227.jpg,0.23845650
NEU-DET-2/train/images/scratches_158.jpg,0.23615570
NEU-DET-2/train/images/scratches_212.jpg,0.23431791
NEU-DET-2/train/images/pitted_surface_91.jpg,0.23366433
NEU-DET-2/train/images/pitted_surface_260.jpg,0.23284751
NEU-DET-2/train/images/scratches_224.jpg,0.23110743
NEU-DET-2/train/images/scratches_219.jpg,0.23034078
NEU-DET-2/train/images/scratches_235.jpg,0.23023616
NEU-DET-2/train/images/scratches_295.jpg,0.22982438
NEU-DET-2/train/images/scratches_216.jpg,0.22807892
NEU-DET-2/train/images/rolled-in_scale_84.jpg,0.22798406
NEU-DET-2/train/images/rolled-in_scale_103.jpg,0.22511639
NEU-DET-2/train/images/pitted_surface_225.jpg,0.22296758
NEU-DET-2/train/images/pitted_surface_264.jpg,0.22293292
NEU-DET-2/train/images/scratches_157.jpg,0.22260976
NEU-DET-2/train/images/scratches_260.jpg,0.22256169
NEU-DET-2/train/images/scratches_229.jpg,0.22217168
NEU-DET-2/train/images/scratches_267.jpg,0.22154857
NEU-DET-2/train/images/pitted_surface_65.jpg,0.21726301
NEU-DET-2/train/images/scratches_130.jpg,0.21581306
NEU-DET-2/train/images/scratches_223.jpg,0.21494712
NEU-DET-2/train/images/scratches_186.jpg,0.21480145
NEU-DET-2/train/images/scratches_131.jpg,0.21375562
NEU-DET-2/train/images/rolled-in_scale_87.jpg,0.21336584
NEU-DET-2/train/images/scratches_284.jpg,0.21196121
NEU-DET-2/train/images/scratches_166.jpg,0.21158034
NEU-DET-2/train/images/scratches_254.jpg,0.21111137
NEU-DET-2/train/images/scratches_283.jpg,0.21104333
NEU-DET-2/train/images/scratches_265.jpg,0.20985281
NEU-DET-2/train/images/pitted_surface_145.jpg,0.20855440
NEU-DET-2/train/images/pitted_surface_69.jpg,0.20853925
NEU-DET-2/train/images/pitted_surface_274.jpg,0.20847532
NEU-DET-2/train/images/pitted_surface_257.jpg,0.20818047
NEU-DET-2/train/images/pitted_surface_256.jpg,0.20757805
NEU-DET-2/train/images/pitted_surface_86.jpg,0.20670080
NEU-DET-2/train/images/scratches_230.jpg,0.20593223
NEU-DET-2/train/images/pitted_surface_110.jpg,0.20572443
NEU-DET-2/train/images/pitted_surface_234.jpg,0.20401625
NEU-DET-2/train/images/scratches_272.jpg,0.20371221
NEU-DET-2/train/images/scratches_161.jpg,0.20241565
NEU-DET-2/train/images/pitted_surface_188.jpg,0.20217668
NEU-DET-2/train/images/pitted_surface_104.jpg,0.20132598
NEU-DET-2/train/images/scratches_191.jpg,0.20044173
NEU-DET-2/train/images/scratches_155.jpg,0.20006272
NEU-DET-2/train/images/scratches_126.jpg,0.19883241
NEU-DET-2/train/images/scratches_210.jpg,0.19868214
NEU-DET-2/train/images/scratches_213.jpg,0.19836152
NEU-DET-2/train/images/pitted_surface_190.jpg,0.19770077
NEU-DET-2/train/images/scratches_211.jpg,0.19713071
NEU-DET-2/train/images/pitted_surface_63.jpg,0.19670698
NEU-DET-2/train/images/pitted_surface_281.jpg,0.19470553
NEU-DET-2/train/images/scratches_269.jpg,0.19463535
NEU-DET-2/train/images/scratches_99.jpg,0.19441511
NEU-DET-2/train/images/pitted_surface_67.jpg,0.19424127
NEU-DET-2/train/images/pitted_surface_81.jpg,0.19352154
NEU-DET-2/train/images/scratches_236.jpg,0.19264632
NEU-DET-2/train/images/pitted_surface_75.jpg,0.19257899
NEU-DET-2/train/images/pitted_surface_212.jpg,0.19106965
NEU-DET-2/train/images/scratches_280.jpg,0.19104123
NEU-DET-2/train/images/scratches_281.jpg,0.19044831
NEU-DET-2/train/images/scratches_242.jpg,0.18989229
NEU-DET-2/train/images/scratches_128.jpg,0.18940023
NEU-DET-2/train/images/scratches_234.jpg,0.18793106
NEU-DET-2/train/images/rolled-in_scale_85.jpg,0.18740429
NEU-DET-2/train/images/scratches_279.jpg,0.18702815
NEU-DET-2/train/images/scratches_215.jpg,0.18678100
NEU-DET-2/train/images/scratches_209.jpg,0.18606466
NEU-DET-2/train/images/scratches_244.jpg,0.18588032
NEU-DET-2/train/images/scratches_238.jpg,0.18530160
NEU-DET-2/train/images/scratches_163.jpg,0.18506815
NEU-DET-2/train/images/scratches_187.jpg,0.18482895
NEU-DET-2/train/images/scratches_217.jpg,0.18399617
NEU-DET-2/train/images/pitted_surface_136.jpg,0.18289323
NEU-DET-2/train/images/pitted_surface_144.jpg,0.18260853
NEU-DET-2/train/images/pitted_surface_97.jpg,0.18252848
NEU-DET-2/train/images/scratches_218.jpg,0.18245569
NEU-DET-2/train/images/pitted_surface_267.jpg,0.18182248
NEU-DET-2/train/images/pitted_surface_157.jpg,0.18094373
NEU-DET-2/train/images/pitted_surface_138.jpg,0.18064575
NEU-DET-2/train/images/pitted_surface_85.jpg,0.18026444
NEU-DET-2/train/images/scratches_225.jpg,0.17987426
NEU-DET-2/train/images/scratches_226.jpg,0.17819197
NEU-DET-2/train/images/pitted_surface_128.jpg,0.17756103
NEU-DET-2/train/images/rolled-in_scale_119.jpg,0.17486309
NEU-DET-2/train/images/scratches_125.jpg,0.17379324
NEU-DET-2/train/images/pitted_surface_273.jpg,0.17309839
NEU-DET-2/train/images/pitted_surface_78.jpg,0.17231347
NEU-DET-2/train/images/pitted_surface_124.jpg,0.17145081
NEU-DET-2/train/images/pitted_surface_297.jpg,0.17089312
NEU-DET-2/train/images/rolled-in_scale_68.jpg,0.17084539
NEU-DET-2/train/images/scratches_243.jpg,0.17034812
NEU-DET-2/train/images/scratches_221.jpg,0.16948472
NEU-DET-2/train/images/scratches_290.jpg,0.16946709
NEU-DET-2/train/images/pitted_surface_243.jpg,0.16909996
NEU-DET-2/train/images/pitted_surface_107.jpg,0.16845316
NEU-DET-2/train/images/scratches_273.jpg,0.16802199
NEU-DET-2/train/images/rolled-in_scale_97.jpg,0.16767344
NEU-DET-2/train/images/scratches_227.jpg,0.16754995
NEU-DET-2/train/images/pitted_surface_164.jpg,0.16620103
NEU-DET-2/train/images/rolled-in_scale_64.jpg,0.16551672
NEU-DET-2/train/images/pitted_surface_84.jpg,0.16529311
NEU-DET-2/train/images/pitted_surface_62.jpg,0.16505568
NEU-DET-2/train/images/pitted_surface_251.jpg,0.16468263
NEU-DET-2/train/images/rolled-in_scale_116.jpg,0.16334297
NEU-DET-2/train/images/rolled-in_scale_107.jpg,0.16314802
NEU-DET-2/train/images/rolled-in_scale_102.jpg,0.16293910
NEU-DET-2/train/images/pitted_surface_131.jpg,0.16171059
NEU-DET-2/train/images/pitted_surface_89.jpg,0.16152017
NEU-DET-2/train/images/pitted_surface_169.jpg,0.16149387
NEU-DET-2/train/images/scratches_162.jpg,0.16109657
NEU-DET-2/train/images/pitted_surface_163.jpg,0.15962173
NEU-DET-2/train/images/scratches_271.jpg,0.15946533
NEU-DET-2/train/images/scratches_239.jpg,0.15912381
NEU-DET-2/train/images/pitted_surface_137.jpg,0.15902726
NEU-DET-2/train/images/pitted_surface_64.jpg,0.15877019
NEU-DET-2/train/images/pitted_surface_250.jpg,0.15855066
NEU-DET-2/train/images/pitted_surface_147.jpg,0.15841156
NEU-DET-2/train/images/pitted_surface_134.jpg,0.15710519
NEU-DET-2/train/images/scratches_275.jpg,0.15672594
NEU-DET-2/train/images/pitted_surface_88.jpg,0.15645500
NEU-DET-2/train/images/rolled-in_scale_151.jpg,0.15533881
NEU-DET-2/train/images/pitted_surface_74.jpg,0.15477702
NEU-DET-2/train/images/scratches_252.jpg,0.15455143
NEU-DET-2/train/images/pitted_surface_293.jpg,0.15334053
NEU-DET-2/train/images/rolled-in_scale_95.jpg,0.15213406
NEU-DET-2/train/images/pitted_surface_255.jpg,0.15094475
NEU-DET-2/train/images/rolled-in_scale_112.jpg,0.15048379
NEU-DET-2/train/images/pitted_surface_252.jpg,0.14993849
NEU-DET-2/train/images/scratches_237.jpg,0.14985569
NEU-DET-2/train/images/pitted_surface_158.jpg,0.14968501
NEU-DET-2/train/images/pitted_surface_235.jpg,0.14926316
NEU-DET-2/train/images/pitted_surface_201.jpg,0.14918590
NEU-DET-2/train/images/pitted_surface_72.jpg,0.14865106
NEU-DET-2/train/images/scratches_132.jpg,0.14808162
NEU-DET-2/train/images/pitted_surface_263.jpg,0.14764963
NEU-DET-2/train/images/pitted_surface_111.jpg,0.14729959
NEU-DET-2/train/images/scratches_270.jpg,0.14677821
NEU-DET-2/train/images/scratches_231.jpg,0.14619590
NEU-DET-2/train/images/pitted_surface_105.jpg,0.14519300
NEU-DET-2/train/images/pitted_surface_218.jpg,0.14519024
NEU-DET-2/train/images/pitted_surface_70.jpg,0.14441422
NEU-DET-2/train/images/pitted_surface_106.jpg,0.14414270
NEU-DET-2/train/images/pitted_surface_146.jpg,0.14395908
NEU-DET-2/train/images/pitted_surface_159.jpg,0.14263690
NEU-DET-2/train/images/pitted_surface_162.jpg,0.14255765
NEU-DET-2/train/images/pitted_surface_259.jpg,0.14181729
NEU-DET-2/train/images/pitted_surface_220.jpg,0.14131981
NEU-DET-2/train/images/scratches_274.jpg,0.14066622
NEU-DET-2/train/images/scratches_245.jpg,0.14022546
NEU-DET-2/train/images/scratches_160.jpg,0.13996771
NEU-DET-2/train/images/pitted_surface_114.jpg,0.13917148
NEU-DET-2/train/images/scratches_241.jpg,0.13883182
NEU-DET-2/train/images/scratches_228.jpg,0.13474382
NEU-DET-2/train/images/pitted_surface_173.jpg,0.13463891
NEU-DET-2/train/images/rolled-in_scale_118.jpg,0.13463461
NEU-DET-2/train/images/pitted_surface_185.jpg,0.13378367
NEU-DET-2/train/images/scratches_264.jpg,0.13372658
NEU-DET-2/train/images/pitted_surface_125.jpg,0.13337652
NEU-DET-2/train/images/pitted_surface_272.jpg,0.13309243
NEU-DET-2/train/images/pitted_surface_165.jpg,0.13224003
NEU-DET-2/train/images/pitted_surface_152.jpg,0.13219912
NEU-DET-2/train/images/pitted_surface_291.jpg,0.13110970
NEU-DET-2/train/images/pitted_surface_209.jpg,0.13090241
NEU-DET-2/train/images/pitted_surface_99.jpg,0.13085863
NEU-DET-2/train/images/rolled-in_scale_90.jpg,0.13061348
NEU-DET-2/train/images/pitted_surface_228.jpg,0.12749457
NEU-DET-2/train/images/pitted_surface_115.jpg,0.12711431
NEU-DET-2/train/images/pitted_surface_141.jpg,0.12636414
NEU-DET-2/train/images/pitted_surface_160.jpg,0.12629217
NEU-DET-2/train/images/pitted_surface_140.jpg,0.12626408
NEU-DET-2/train/images/pitted_surface_61.jpg,0.12530681
NEU-DET-2/train/images/pitted_surface_109.jpg,0.12500650
NEU-DET-2/train/images/pitted_surface_246.jpg,0.12468156
NEU-DET-2/train/images/pitted_surface_103.jpg,0.12365057
NEU-DET-2/train/images/pitted_surface_175.jpg,0.12261027
NEU-DET-2/train/images/scratches_249.jpg,0.12256227
NEU-DET-2/train/images/pitted_surface_130.jpg,0.12247332
NEU-DET-2/train/images/rolled-in_scale_100.jpg,0.12027419
NEU-DET-2/train/images/pitted_surface_269.jpg,0.12026398
NEU-DET-2/train/images/pitted_surface_168.jpg,0.11985186
NEU-DET-2/train/images/pitted_surface_156.jpg,0.11896771
NEU-DET-2/train/images/pitted_surface_95.jpg,0.11884061
NEU-DET-2/train/images/pitted_surface_189.jpg,0.11827593
NEU-DET-2/train/images/pitted_surface_194.jpg,0.11825479
NEU-DET-2/train/images/rolled-in_scale_115.jpg,0.11776742
NEU-DET-2/train/images/pitted_surface_142.jpg,0.11729603
NEU-DET-2/train/images/rolled-in_scale_114.jpg,0.11634351
NEU-DET-2/train/images/pitted_surface_206.jpg,0.11577170
NEU-DET-2/train/images/rolled-in_scale_111.jpg,0.11479972
NEU-DET-2/train/images/pitted_surface_192.jpg,0.11453033
NEU-DET-2/train/images/pitted_surface_282.jpg,0.11429874
NEU-DET-2/train/images/pitted_surface_186.jpg,0.11428536
NEU-DET-2/train/images/pitted_surface_135.jpg,0.11383346
NEU-DET-2/train/images/pitted_surface_153.jpg,0.11335337
NEU-DET-2/train/images/pitted_surface_285.jpg,0.11275065
NEU-DET-2/train/images/pitted_surface_195.jpg,0.11261586
NEU-DET-2/train/images/pitted_surface_166.jpg,0.11190573
NEU-DET-2/train/images/pitted_surface_139.jpg,0.11175962
NEU-DET-2/train/images/pitted_surface_83.jpg,0.11171071
NEU-DET-2/train/images/pitted_surface_298.jpg,0.11155669
NEU-DET-2/train/images/pitted_surface_280.jpg,0.11126752
NEU-DET-2/train/images/pitted_surface_121.jpg,0.11033656
NEU-DET-2/train/images/pitted_surface_202.jpg,0.10913347
NEU-DET-2/train/images/pitted_surface_204.jpg,0.10821375
NEU-DET-2/train/images/pitted_surface_94.jpg,0.10815438
NEU-DET-2/train/images/pitted_surface_233.jpg,0.10708576
NEU-DET-2/train/images/pitted_surface_172.jpg,0.10619312
NEU-DET-2/train/images/pitted_surface_219.jpg,0.10612324
NEU-DET-2/train/images/pitted_surface_90.jpg,0.10556437
NEU-DET-2/train/images/pitted_surface_82.jpg,0.10518291
NEU-DET-2/train/images/pitted_surface_120.jpg,0.10498653
NEU-DET-2/train/images/pitted_surface_92.jpg,0.10429809
NEU-DET-2/train/images/pitted_surface_79.jpg,0.10381478
NEU-DET-2/train/images/pitted_surface_76.jpg,0.10356281
NEU-DET-2/train/images/pitted_surface_245.jpg,0.10282926
NEU-DET-2/train/images/scratches_250.jpg,0.10264052
NEU-DET-2/train/images/rolled-in_scale_110.jpg,0.10046276
NEU-DET-2/train/images/pitted_surface_113.jpg,0.09864769
NEU-DET-2/train/images/pitted_surface_112.jpg,0.09800626
NEU-DET-2/train/images/pitted_surface_217.jpg,0.09799799
NEU-DET-2/train/images/pitted_surface_193.jpg,0.09707433
NEU-DET-2/train/images/pitted_surface_242.jpg,0.09628642
NEU-DET-2/train/images/pitted_surface_205.jpg,0.09571089
NEU-DET-2/train/images/pitted_surface_296.jpg,0.09543854
NEU-DET-2/train/images/pitted_surface_154.jpg,0.09520587
NEU-DET-2/train/images/rolled-in_scale_195.jpg,0.09516139
NEU-DET-2/train/images/rolled-in_scale_66.jpg,0.09462158
NEU-DET-2/train/images/rolled-in_scale_101.jpg,0.09444574
NEU-DET-2/train/images/rolled-in_scale_207.jpg,0.09264980
NEU-DET-2/train/images/pitted_surface_229.jpg,0.09157502
NEU-DET-2/train/images/rolled-in_scale_153.jpg,0.09134009
NEU-DET-2/train/images/pitted_surface_215.jpg,0.09127245
NEU-DET-2/train/images/pitted_surface_238.jpg,0.09022800
NEU-DET-2/train/images/rolled-in_scale_120.jpg,0.08990756
NEU-DET-2/train/images/pitted_surface_299.jpg,0.08962688
NEU-DET-2/train/images/pitted_surface_221.jpg,0.08900758
NEU-DET-2/train/images/pitted_surface_268.jpg,0.08869842
NEU-DET-2/train/images/rolled-in_scale_61.jpg,0.08761054
NEU-DET-2/train/images/rolled-in_scale_76.jpg,0.08737625
NEU-DET-2/train/images/pitted_surface_187.jpg,0.08723387
NEU-DET-2/train/images/rolled-in_scale_65.jpg,0.08599710
NEU-DET-2/train/images/pitted_surface_287.jpg,0.08580482
NEU-DET-2/train/images/rolled-in_scale_113.jpg,0.08520151
NEU-DET-2/train/images/pitted_surface_197.jpg,0.08438244
NEU-DET-2/train/images/pitted_surface_300.jpg,0.08279331
NEU-DET-2/train/images/rolled-in_scale_155.jpg,0.08207063
NEU-DET-2/train/images/rolled-in_scale_124.jpg,0.08167978
NEU-DET-2/train/images/rolled-in_scale_109.jpg,0.08023537
NEU-DET-2/train/images/rolled-in_scale_69.jpg,0.07960699
NEU-DET-2/train/images/pitted_surface_161.jpg,0.07780650
NEU-DET-2/train/images/pitted_surface_174.jpg,0.07705332
NEU-DET-2/train/images/pitted_surface_119.jpg,0.07667572
NEU-DET-2/train/images/pitted_surface_266.jpg,0.07591534
NEU-DET-2/train/images/rolled-in_scale_104.jpg,0.07551162
NEU-DET-2/train/images/pitted_surface_184.jpg,0.07463292
NEU-DET-2/train/images/rolled-in_scale_221.jpg,0.07373735
NEU-DET-2/train/images/rolled-in_scale_250.jpg,0.07311399
NEU-DET-2/train/images/pitted_surface_167.jpg,0.07299032
NEU-DET-2/train/images/pitted_surface_132.jpg,0.07268773
NEU-DET-2/train/images/pitted_surface_249.jpg,0.07247396
NEU-DET-2/train/images/rolled-in_scale_67.jpg,0.07237709
NEU-DET-2/train/images/pitted_surface_170.jpg,0.07227021
NEU-DET-2/train/images/pitted_surface_198.jpg,0.07210231
NEU-DET-2/train/images/pitted_surface_239.jpg,0.07201277
NEU-DET-2/train/images/pitted_surface_203.jpg,0.07151683
NEU-DET-2/train/images/pitted_surface_270.jpg,0.07107206
NEU-DET-2/train/images/pitted_surface_102.jpg,0.07004381
NEU-DET-2/train/images/pitted_surface_151.jpg,0.06921070
NEU-DET-2/train/images/pitted_surface_122.jpg,0.06914750
NEU-DET-2/train/images/pitted_surface_149.jpg,0.06793916
NEU-DET-2/train/images/rolled-in_scale_71.jpg,0.06739684
NEU-DET-2/train/images/rolled-in_scale_196.jpg,0.06711929
NEU-DET-2/train/images/pitted_surface_182.jpg,0.06647840
NEU-DET-2/train/images/pitted_surface_183.jpg,0.06642467
NEU-DET-2/train/images/pitted_surface_73.jpg,0.06609078
NEU-DET-2/train/images/rolled-in_scale_96.jpg,0.06599688
NEU-DET-2/train/images/pitted_surface_80.jpg,0.06575631
NEU-DET-2/train/images/pitted_surface_148.jpg,0.06550230
NEU-DET-2/train/images/pitted_surface_199.jpg,0.06356758
NEU-DET-2/train/images/rolled-in_scale_105.jpg,0.06351212
NEU-DET-2/train/images/rolled-in_scale_206.jpg,0.06346305
NEU-DET-2/train/images/rolled-in_scale_108.jpg,0.06334084
NEU-DET-2/train/images/pitted_surface_71.jpg,0.06276996
NEU-DET-2/train/images/patches_293.jpg,0.06237258
NEU-DET-2/train/images/pitted_surface_98.jpg,0.06212730
NEU-DET-2/train/images/pitted_surface_133.jpg,0.06014343
NEU-DET-2/train/images/rolled-in_scale_125.jpg,0.05835693
NEU-DET-2/train/images/pitted_surface_116.jpg,0.05831269
NEU-DET-2/train/images/pitted_surface_181.jpg,0.05711162
NEU-DET-2/train/images/pitted_surface_213.jpg,0.05694119
NEU-DET-2/train/images/patches_103.jpg,0.05657788
NEU-DET-2/train/images/patches_173.jpg,0.05652226
NEU-DET-2/train/images/rolled-in_scale_73.jpg,0.05610948
NEU-DET-2/train/images/rolled-in_scale_154.jpg,0.05566259
NEU-DET-2/train/images/pitted_surface_96.jpg,0.05433536
NEU-DET-2/train/images/pitted_surface_254.jpg,0.05322351
NEU-DET-2/train/images/pitted_surface_118.jpg,0.05257264
NEU-DET-2/train/images/pitted_surface_262.jpg,0.05203253
NEU-DET-2/train/images/pitted_surface_117.jpg,0.05153392
NEU-DET-2/train/images/rolled-in_scale_148.jpg,0.05120185
NEU-DET-2/train/images/patches_121.jpg,0.05093192
NEU-DET-2/train/images/patches_163.jpg,0.05063675
NEU-DET-2/train/images/pitted_surface_271.jpg,0.04808705
NEU-DET-2/train/images/pitted_surface_244.jpg,0.04766804
NEU-DET-2/train/images/patches_161.jpg,0.04729659
NEU-DET-2/train/images/rolled-in_scale_281.jpg,0.04675139
NEU-DET-2/train/images/patches_136.jpg,0.04643259
NEU-DET-2/train/images/pitted_surface_224.jpg,0.04574416
NEU-DET-2/train/images/pitted_surface_284.jpg,0.04515512
NEU-DET-2/train/images/pitted_surface_222.jpg,0.04488629
NEU-DET-2/train/images/rolled-in_scale_122.jpg,0.04455607
NEU-DET-2/train/images/pitted_surface_100.jpg,0.04335859
NEU-DET-2/train/images/patches_80.jpg,0.04304896
NEU-DET-2/train/images/pitted_surface_180.jpg,0.04219670
NEU-DET-2/train/images/rolled-in_scale_70.jpg,0.04131114
NEU-DET-2/train/images/rolled-in_scale_106.jpg,0.04106107
NEU-DET-2/train/images/rolled-in_scale_149.jpg,0.04075802
NEU-DET-2/train/images/rolled-in_scale_88.jpg,0.04028654
NEU-DET-2/train/images/rolled-in_scale_146.jpg,0.04004117
NEU-DET-2/train/images/pitted_surface_93.jpg,0.03985997
NEU-DET-2/train/images/patches_288.jpg,0.03956413
NEU-DET-2/train/images/rolled-in_scale_132.jpg,0.03841503
NEU-DET-2/train/images/rolled-in_scale_129.jpg,0.03821775
NEU-DET-2/train/images/rolled-in_scale_157.jpg,0.03717675
NEU-DET-2/train/images/pitted_surface_176.jpg,0.03634501
NEU-DET-2/train/images/patches_107.jpg,0.03631967
NEU-DET-2/train/images/pitted_surface_210.jpg,0.03609166
NEU-DET-2/train/images/rolled-in_scale_99.jpg,0.03571258
NEU-DET-2/train/images/rolled-in_scale_138.jpg,0.03548728
NEU-DET-2/train/images/patches_284.jpg,0.03529514
NEU-DET-2/train/images/rolled-in_scale_127.jpg,0.03528469
NEU-DET-2/train/images/pitted_surface_129.jpg,0.03514059
NEU-DET-2/train/images/pitted_surface_126.jpg,0.03490440
NEU-DET-2/train/images/pitted_surface_101.jpg,0.03446091
NEU-DET-2/train/images/pitted_surface_294.jpg,0.03384560
NEU-DET-2/train/images/pitted_surface_223.jpg,0.03382025
NEU-DET-2/train/images/patches_100.jpg,0.03352370
NEU-DET-2/train/images/rolled-in_scale_140.jpg,0.03320643
NEU-DET-2/train/images/pitted_surface_277.jpg,0.03278382
NEU-DET-2/train/images/patches_62.jpg,0.03209918
NEU-DET-2/train/images/rolled-in_scale_126.jpg,0.03199340
NEU-DET-2/train/images/pitted_surface_278.jpg,0.03184057
NEU-DET-2/train/images/pitted_surface_207.jpg,0.03182470
NEU-DET-2/train/images/patches_287.jpg,0.03149393
NEU-DET-2/train/images/patches_82.jpg,0.03140356
NEU-DET-2/train/images/rolled-in_scale_80.jpg,0.03009354
NEU-DET-2/train/images/pitted_surface_127.jpg,0.02961073
NEU-DET-2/train/images/rolled-in_scale_137.jpg,0.02841000
NEU-DET-2/train/images/pitted_surface_289.jpg,0.02806480
NEU-DET-2/train/images/crazing_90.jpg,0.02735122
NEU-DET-2/train/images/rolled-in_scale_74.jpg,0.02734475
NEU-DET-2/train/images/crazing_105.jpg,0.02672416
NEU-DET-2/train/images/pitted_surface_258.jpg,0.02602183
NEU-DET-2/train/images/crazing_219.jpg,0.02547773
NEU-DET-2/train/images/patches_76.jpg,0.02539849
NEU-DET-2/train/images/patches_280.jpg,0.02495646
NEU-DET-2/train/images/patches_156.jpg,0.02433940
NEU-DET-2/train/images/pitted_surface_275.jpg,0.02430595
NEU-DET-2/train/images/pitted_surface_150.jpg,0.02279880
NEU-DET-2/train/images/crazing_65.jpg,0.02261989
NEU-DET-2/train/images/rolled-in_scale_216.jpg,0.02221325
NEU-DET-2/train/images/crazing_252.jpg,0.02209963
NEU-DET-2/train/images/pitted_surface_214.jpg,0.02194203
NEU-DET-2/train/images/patches_130.jpg,0.02181173
NEU-DET-2/train/images/rolled-in_scale_147.jpg,0.02148884
NEU-DET-2/train/images/pitted_surface_226.jpg,0.02135980
NEU-DET-2/train/images/patches_78.jpg,0.02115812
NEU-DET-2/train/images/crazing_66.jpg,0.02089638
NEU-DET-2/train/images/patches_129.jpg,0.02077495
NEU-DET-2/train/images/rolled-in_scale_123.jpg,0.02063649
NEU-DET-2/train/images/rolled-in_scale_197.jpg,0.02062258
NEU-DET-2/train/images/patches_160.jpg,0.02026893
NEU-DET-2/train/images/patches_274.jpg,0.02024749
NEU-DET-2/train/images/rolled-in_scale_130.jpg,0.01971759
NEU-DET-2/train/images/pitted_surface_179.jpg,0.01968843
NEU-DET-2/train/images/rolled-in_scale_156.jpg,0.01942094
NEU-DET-2/train/images/rolled-in_scale_117.jpg,0.01909059
NEU-DET-2/train/images/patches_85.jpg,0.01875298
NEU-DET-2/train/images/patches_145.jpg,0.01836592
NEU-DET-2/train/images/crazing_121.jpg,0.01817334
NEU-DET-2/train/images/rolled-in_scale_211.jpg,0.01816329
NEU-DET-2/train/images/rolled-in_scale_167.jpg,0.01799966
NEU-DET-2/train/images/rolled-in_scale_229.jpg,0.01795021
NEU-DET-2/train/images/pitted_surface_240.jpg,0.01778493
NEU-DET-2/train/images/patches_94.jpg,0.01738043
NEU-DET-2/train/images/rolled-in_scale_210.jpg,0.01736087
NEU-DET-2/train/images/rolled-in_scale_188.jpg,0.01693865
NEU-DET-2/train/images/crazing_120.jpg,0.01655601
NEU-DET-2/train/images/patches_135.jpg,0.01638837
NEU-DET-2/train/images/rolled-in_scale_152.jpg,0.01623675
NEU-DET-2/train/images/crazing_109.jpg,0.01613675
NEU-DET-2/train/images/patches_74.jpg,0.01613571
NEU-DET-2/train/images/rolled-in_scale_98.jpg,0.01611926
NEU-DET-2/train/images/pitted_surface_237.jpg,0.01582795
NEU-DET-2/train/images/crazing_217.jpg,0.01546131
NEU-DET-2/train/images/pitted_surface_77.jpg,0.01536148
NEU-DET-2/train/images/rolled-in_scale_205.jpg,0.01515651
NEU-DET-2/train/images/rolled-in_scale_227.jpg,0.01505548
NEU-DET-2/train/images/crazing_139.jpg,0.01465737
NEU-DET-2/train/images/pitted_surface_236.jpg,0.01463682
NEU-DET-2/train/images/crazing_102.jpg,0.01458291
NEU-DET-2/train/images/crazing_106.jpg,0.01411645
NEU-DET-2/train/images/pitted_surface_231.jpg,0.01372550
NEU-DET-2/train/images/patches_155.jpg,0.01366896
NEU-DET-2/train/images/pitted_surface_230.jpg,0.01300229
NEU-DET-2/train/images/pitted_surface_248.jpg,0.01258350
NEU-DET-2/train/images/patches_61.jpg,0.01248733
NEU-DET-2/train/images/rolled-in_scale_78.jpg,0.01238093
NEU-DET-2/train/images/crazing_269.jpg,0.01163875
NEU-DET-2/train/images/rolled-in_scale_150.jpg,0.01162272
NEU-DET-2/train/images/rolled-in_scale_215.jpg,0.01146534
NEU-DET-2/train/images/rolled-in_scale_201.jpg,0.01146386
NEU-DET-2/train/images/patches_83.jpg,0.01136870
NEU-DET-2/train/images/crazing_160.jpg,0.01107945
NEU-DET-2/train/images/crazing_183.jpg,0.01093447
NEU-DET-2/train/images/patches_249.jpg,0.01012199
NEU-DET-2/train/images/rolled-in_scale_89.jpg,0.01006158
NEU-DET-2/train/images/pitted_surface_171.jpg,0.00993051
NEU-DET-2/train/images/crazing_286.jpg,0.00991852
NEU-DET-2/train/images/crazing_89.jpg,0.00975281
NEU-DET-2/train/images/pitted_surface_241.jpg,0.00957488
NEU-DET-2/train/images/pitted_surface_261.jpg,0.00954586
NEU-DET-2/train/images/crazing_215.jpg,0.00931956
NEU-DET-2/train/images/crazing_176.jpg,0.00913268
NEU-DET-2/train/images/pitted_surface_279.jpg,0.00894879
NEU-DET-2/train/images/crazing_104.jpg,0.00877399
NEU-DET-2/train/images/rolled-in_scale_94.jpg,0.00875546
NEU-DET-2/train/images/crazing_132.jpg,0.00810198
NEU-DET-2/train/images/pitted_surface_292.jpg,0.00795487
NEU-DET-2/train/images/rolled-in_scale_83.jpg,0.00767298
NEU-DET-2/train/images/crazing_101.jpg,0.00758286
NEU-DET-2/train/images/pitted_surface_208.jpg,0.00754814
NEU-DET-2/train/images/crazing_74.jpg,0.00738796
NEU-DET-2/train/images/patches_247.jpg,0.00705568
NEU-DET-2/train/images/rolled-in_scale_292.jpg,0.00703951
NEU-DET-2/train/images/pitted_surface_178.jpg,0.00701003
NEU-DET-2/train/images/crazing_134.jpg,0.00694854
NEU-DET-2/train/images/crazing_77.jpg,0.00678648
NEU-DET-2/train/images/crazing_214.jpg,0.00669642
NEU-DET-2/train/images/patches_165.jpg,0.00649553
NEU-DET-2/train/images/crazing_100.jpg,0.00614317
NEU-DET-2/train/images/crazing_205.jpg,0.00607208
NEU-DET-2/train/images/rolled-in_scale_159.jpg,0.00569671
NEU-DET-2/train/images/crazing_188.jpg,0.00564439
NEU-DET-2/train/images/crazing_117.jpg,0.00556832
NEU-DET-2/train/images/patches_75.jpg,0.00538429
NEU-DET-2/train/images/rolled-in_scale_63.jpg,0.00527124
NEU-DET-2/train/images/crazing_75.jpg,0.00520346
NEU-DET-2/train/images/crazing_216.jpg,0.00518179
NEU-DET-2/train/images/rolled-in_scale_291.jpg,0.00500273
NEU-DET-2/train/images/rolled-in_scale_72.jpg,0.00473584
NEU-DET-2/train/images/crazing_72.jpg,0.00461998
NEU-DET-2/train/images/crazing_185.jpg,0.00461025
NEU-DET-2/train/images/rolled-in_scale_208.jpg,0.00460836
NEU-DET-2/train/images/pitted_surface_283.jpg,0.00457288
NEU-DET-2/train/images/rolled-in_scale_86.jpg,0.00448564
NEU-DET-2/train/images/rolled-in_scale_200.jpg,0.00421170
NEU-DET-2/train/images/patches_296.jpg,0.00404844
NEU-DET-2/train/images/crazing_133.jpg,0.00357078
NEU-DET-2/train/images/rolled-in_scale_160.jpg,0.00355797
NEU-DET-2/train/images/crazing_257.jpg,0.00333965
NEU-DET-2/train/images/rolled-in_scale_203.jpg,0.00331428
NEU-DET-2/train/images/crazing_135.jpg,0.00326625
NEU-DET-2/train/images/patches_106.jpg,0.00318762
NEU-DET-2/train/images/crazing_195.jpg,0.00311642
NEU-DET-2/train/images/patches_286.jpg,0.00305281
NEU-DET-2/train/images/rolled-in_scale_272.jpg,0.00303700
NEU-DET-2/train/images/crazing_137.jpg,0.00301788
NEU-DET-2/train/images/crazing_131.jpg,0.00294819
NEU-DET-2/train/images/crazing_194.jpg,0.00290938
NEU-DET-2/train/images/patches_294.jpg,0.00270016
NEU-DET-2/train/images/pitted_surface_253.jpg,0.00266699
NEU-DET-2/train/images/crazing_140.jpg,0.00247111
NEU-DET-2/train/images/crazing_276.jpg,0.00216701
NEU-DET-2/train/images/patches_146.jpg,0.00186832
NEU-DET-2/train/images/crazing_142.jpg,0.00170702
NEU-DET-2/train/images/crazing_103.jpg,0.00164684
NEU-DET-2/train/images/rolled-in_scale_254.jpg,0.00160267
NEU-DET-2/train/images/patches_141.jpg,0.00157130
NEU-DET-2/train/images/rolled-in_scale_213.jpg,0.00130442
NEU-DET-2/train/images/rolled-in_scale_180.jpg,0.00129571
NEU-DET-2/train/images/crazing_151.jpg,0.00126628
NEU-DET-2/train/images/crazing_108.jpg,0.00124954
NEU-DET-2/train/images/patches_93.jpg,0.00124412
NEU-DET-2/train/images/rolled-in_scale_191.jpg,0.00116946
NEU-DET-2/train/images/rolled-in_scale_175.jpg,0.00115499
NEU-DET-2/train/images/crazing_255.jpg,0.00097423
NEU-DET-2/train/images/rolled-in_scale_81.jpg,0.00091687
NEU-DET-2/train/images/crazing_280.jpg,0.00081569
NEU-DET-2/train/images/rolled-in_scale_176.jpg,0.00068942
NEU-DET-2/train/images/patches_131.jpg,0.00053098
NEU-DET-2/train/images/crazing_152.jpg,0.00052722
NEU-DET-2/train/images/crazing_99.jpg,0.00052713
NEU-DET-2/train/images/crazing_199.jpg,0.00044464
NEU-DET-2/train/images/rolled-in_scale_128.jpg,0.00043212
NEU-DET-2/train/images/patches_99.jpg,0.00040299
NEU-DET-2/train/images/crazing_206.jpg,0.00026536
NEU-DET-2/train/images/pitted_surface_177.jpg,0.00015390
NEU-DET-2/train/images/crazing_125.jpg,-0.00001036
NEU-DET-2/train/images/crazing_226.jpg,-0.00009749
NEU-DET-2/train/images/crazing_129.jpg,-0.00012129
NEU-DET-2/train/images/crazing_274.jpg,-0.00013045
NEU-DET-2/train/images/crazing_172.jpg,-0.00067989
NEU-DET-2/train/images/crazing_174.jpg,-0.00080833
NEU-DET-2/train/images/rolled-in_scale_276.jpg,-0.00086632
NEU-DET-2/train/images/crazing_230.jpg,-0.00090253
NEU-DET-2/train/images/patches_176.jpg,-0.00114444
NEU-DET-2/train/images/patches_64.jpg,-0.00124239
NEU-DET-2/train/images/rolled-in_scale_237.jpg,-0.00130879
NEU-DET-2/train/images/rolled-in_scale_62.jpg,-0.00137370
NEU-DET-2/train/images/crazing_64.jpg,-0.00137942
NEU-DET-2/train/images/crazing_85.jpg,-0.00145970
NEU-DET-2/train/images/crazing_118.jpg,-0.00162721
NEU-DET-2/train/images/rolled-in_scale_288.jpg,-0.00168485
NEU-DET-2/train/images/patches_285.jpg,-0.00171243
NEU-DET-2/train/images/crazing_193.jpg,-0.00177418
NEU-DET-2/train/images/crazing_159.jpg,-0.00189192
NEU-DET-2/train/images/pitted_surface_290.jpg,-0.00192185
NEU-DET-2/train/images/rolled-in_scale_91.jpg,-0.00193883
NEU-DET-2/train/images/crazing_250.jpg,-0.00198548
NEU-DET-2/train/images/patches_147.jpg,-0.00200559
NEU-DET-2/train/images/crazing_94.jpg,-0.00203369
NEU-DET-2/train/images/patches_69.jpg,-0.00212700
NEU-DET-2/train/images/patches_109.jpg,-0.00222418
NEU-DET-2/train/images/crazing_96.jpg,-0.00230455
NEU-DET-2/train/images/patches_281.jpg,-0.00235187
NEU-DET-2/train/images/patches_151.jpg,-0.00241938
NEU-DET-2/train/images/crazing_115.jpg,-0.00244383
NEU-DET-2/train/images/crazing_126.jpg,-0.00267567
NEU-DET-2/train/images/crazing_210.jpg,-0.00282750
NEU-DET-2/train/images/crazing_220.jpg,-0.00293958
NEU-DET-2/train/images/crazing_138.jpg,-0.00309057
NEU-DET-2/train/images/patches_73.jpg,-0.00352750
NEU-DET-2/train/images/crazing_136.jpg,-0.00355184
NEU-DET-2/train/images/patches_168.jpg,-0.00363287
NEU-DET-2/train/images/crazing_110.jpg,-0.00381757
NEU-DET-2/train/images/patches_110.jpg,-0.00385239
NEU-DET-2/train/images/crazing_141.jpg,-0.00385510
NEU-DET-2/train/images/crazing_93.jpg,-0.00387513
NEU-DET-2/train/images/crazing_270.jpg,-0.00391380
NEU-DET-2/train/images/crazing_68.jpg,-0.00413312
NEU-DET-2/train/images/crazing_123.jpg,-0.00438686
NEU-DET-2/train/images/crazing_114.jpg,-0.00454186
NEU-DET-2/train/images/crazing_186.jpg,-0.00475981
NEU-DET-2/train/images/patches_96.jpg,-0.00489983
NEU-DET-2/train/images/crazing_236.jpg,-0.00490406
NEU-DET-2/train/images/crazing_218.jpg,-0.00491308
NEU-DET-2/train/images/rolled-in_scale_278.jpg,-0.00515048
NEU-DET-2/train/images/crazing_212.jpg,-0.00535791
NEU-DET-2/train/images/rolled-in_scale_131.jpg,-0.00536099
NEU-DET-2/train/images/crazing_171.jpg,-0.00548280
NEU-DET-2/train/images/crazing_256.jpg,-0.00549638
NEU-DET-2/train/images/crazing_111.jpg,-0.00549764
NEU-DET-2/train/images/rolled-in_scale_193.jpg,-0.00562966
NEU-DET-2/train/images/patches_84.jpg,-0.00577900
NEU-DET-2/train/images/crazing_146.jpg,-0.00596126
NEU-DET-2/train/images/crazing_78.jpg,-0.00604617
NEU-DET-2/train/images/crazing_128.jpg,-0.00609340
NEU-DET-2/train/images/patches_200.jpg,-0.00613651
NEU-DET-2/train/images/patches_132.jpg,-0.00614621
NEU-DET-2/train/images/rolled-in_scale_290.jpg,-0.00622754
NEU-DET-2/train/images/patches_230.jpg,-0.00639740
NEU-DET-2/train/images/rolled-in_scale_136.jpg,-0.00641552
NEU-DET-2/train/images/crazing_208.jpg,-0.00650517
NEU-DET-2/train/images/patches_79.jpg,-0.00651506
NEU-DET-2/train/images/crazing_187.jpg,-0.00651610
NEU-DET-2/train/images/patches_272.jpg,-0.00652556
NEU-DET-2/train/images/crazing_167.jpg,-0.00660734
NEU-DET-2/train/images/crazing_251.jpg,-0.00687739
NEU-DET-2/train/images/pitted_surface_295.jpg,-0.00687955
NEU-DET-2/train/images/rolled-in_scale_166.jpg,-0.00689652
NEU-DET-2/train/images/crazing_182.jpg,-0.00713530
NEU-DET-2/train/images/rolled-in_scale_92.jpg,-0.00727773
NEU-DET-2/train/images/crazing_91.jpg,-0.00742614
NEU-DET-2/train/images/crazing_202.jpg,-0.00757860
NEU-DET-2/train/images/patches_92.jpg,-0.00771086
NEU-DET-2/train/images/crazing_258.jpg,-0.00779529
NEU-DET-2/train/images/crazing_119.jpg,-0.00813632
NEU-DET-2/train/images/patches_194.jpg,-0.00816063
NEU-DET-2/train/images/crazing_287.jpg,-0.00818655
NEU-DET-2/train/images/crazing_116.jpg,-0.00822666
NEU-DET-2/train/images/crazing_209.jpg,-0.00832484
NEU-DET-2/train/images/crazing_224.jpg,-0.00841893
NEU-DET-2/train/images/crazing_71.jpg,-0.00845303
NEU-DET-2/train/images/patches_260.jpg,-0.00854576
NEU-DET-2/train/images/patches_295.jpg,-0.00871628
NEU-DET-2/train/images/crazing_227.jpg,-0.00872217
NEU-DET-2/train/images/rolled-in_scale_184.jpg,-0.00874470
NEU-DET-2/train/images/crazing_248.jpg,-0.00879823
NEU-DET-2/train/images/crazing_249.jpg,-0.00908830
NEU-DET-2/train/images/crazing_253.jpg,-0.00911705
NEU-DET-2/train/images/crazing_196.jpg,-0.00957518
NEU-DET-2/train/images/rolled-in_scale_209.jpg,-0.00958355
NEU-DET-2/train/images/crazing_107.jpg,-0.00960576
NEU-DET-2/train/images/crazing_232.jpg,-0.00970294
NEU-DET-2/train/images/rolled-in_scale_77.jpg,-0.00980139
NEU-DET-2/train/images/rolled-in_scale_179.jpg,-0.01007156
NEU-DET-2/train/images/patches_116.jpg,-0.01009790
NEU-DET-2/train/images/patches_140.jpg,-0.01012226
NEU-DET-2/train/images/crazing_170.jpg,-0.01023865
NEU-DET-2/train/images/crazing_127.jpg,-0.01029964
NEU-DET-2/train/images/crazing_79.jpg,-0.01049243
NEU-DET-2/train/images/crazing_112.jpg,-0.01051566
NEU-DET-2/train/images/rolled-in_scale_139.jpg,-0.01060272
NEU-DET-2/train/images/crazing_173.jpg,-0.01071167
NEU-DET-2/train/images/rolled-in_scale_93.jpg,-0.01074986
NEU-DET-2/train/images/crazing_229.jpg,-0.01084938
NEU-DET-2/train/images/crazing_285.jpg,-0.01105937
NEU-DET-2/train/images/crazing_197.jpg,-0.01123123
NEU-DET-2/train/images/crazing_289.jpg,-0.01129045
NEU-DET-2/train/images/rolled-in_scale_121.jpg,-0.01151631
NEU-DET-2/train/images/patches_86.jpg,-0.01168830
NEU-DET-2/train/images/rolled-in_scale_289.jpg,-0.01178340
NEU-DET-2/train/images/patches_166.jpg,-0.01182288
NEU-DET-2/train/images/rolled-in_scale_295.jpg,-0.01185816
NEU-DET-2/train/images/patches_87.jpg,-0.01188095
NEU-DET-2/train/images/crazing_281.jpg,-0.01207784
NEU-DET-2/train/images/crazing_63.jpg,-0.01209333
NEU-DET-2/train/images/rolled-in_scale_212.jpg,-0.01214258
NEU-DET-2/train/images/rolled-in_scale_280.jpg,-0.01229296
NEU-DET-2/train/images/crazing_144.jpg,-0.01249222
NEU-DET-2/train/images/rolled-in_scale_143.jpg,-0.01260351
NEU-DET-2/train/images/rolled-in_scale_244.jpg,-0.01286317
NEU-DET-2/train/images/patches_70.jpg,-0.01291827
NEU-DET-2/train/images/crazing_294.jpg,-0.01300064
NEU-DET-2/train/images/crazing_61.jpg,-0.01303017
NEU-DET-2/train/images/crazing_145.jpg,-0.01310230
NEU-DET-2/train/images/crazing_246.jpg,-0.01317594
NEU-DET-2/train/images/crazing_237.jpg,-0.01320397
NEU-DET-2/train/images/crazing_81.jpg,-0.01320498
NEU-DET-2/train/images/patches_292.jpg,-0.01346168
NEU-DET-2/train/images/patches_282.jpg,-0.01355941
NEU-DET-2/train/images/crazing_92.jpg,-0.01366688
NEU-DET-2/train/images/rolled-in_scale_228.jpg,-0.01367881
NEU-DET-2/train/images/crazing_166.jpg,-0.01374317
NEU-DET-2/train/images/rolled-in_scale_283.jpg,-0.01387368
NEU-DET-2/train/images/patches_101.jpg,-0.01393938
NEU-DET-2/train/images/patches_105.jpg,-0.01393938
NEU-DET-2/train/images/crazing_282.jpg,-0.01407972
NEU-DET-2/train/images/crazing_62.jpg,-0.01415224
NEU-DET-2/train/images/rolled-in_scale_158.jpg,-0.01426289
NEU-DET-2/train/images/patches_111.jpg,-0.01454071
NEU-DET-2/train/images/patches_66.jpg,-0.01470783
NEU-DET-2/train/images/crazing_180.jpg,-0.01478636
NEU-DET-2/train/images/patches_279.jpg,-0.01478755
NEU-DET-2/train/images/crazing_82.jpg,-0.01503044
NEU-DET-2/train/images/crazing_143.jpg,-0.01504723
NEU-DET-2/train/images/patches_172.jpg,-0.01512014
NEU-DET-2/train/images/crazing_184.jpg,-0.01514470
NEU-DET-2/train/images/crazing_221.jpg,-0.01520503
NEU-DET-2/train/images/crazing_122.jpg,-0.01523998
NEU-DET-2/train/images/crazing_272.jpg,-0.01540096
NEU-DET-2/train/images/crazing_268.jpg,-0.01540489
NEU-DET-2/train/images/pitted_surface_247.jpg,-0.01541694
NEU-DET-2/train/images/rolled-in_scale_294.jpg,-0.01543480
NEU-DET-2/train/images/rolled-in_scale_251.jpg,-0.01543908
NEU-DET-2/train/images/patches_170.jpg,-0.01552557
NEU-DET-2/train/images/rolled-in_scale_217.jpg,-0.01563389
NEU-DET-2/train/images/crazing_130.jpg,-0.01564921
NEU-DET-2/train/images/crazing_279.jpg,-0.01564985
NEU-DET-2/train/images/rolled-in_scale_133.jpg,-0.01569642
NEU-DET-2/train/images/crazing_234.jpg,-0.01571324
NEU-DET-2/train/images/rolled-in_scale_82.jpg,-0.01589227
NEU-DET-2/train/images/crazing_239.jpg,-0.01593026
NEU-DET-2/train/images/rolled-in_scale_189.jpg,-0.01596831
NEU-DET-2/train/images/rolled-in_scale_296.jpg,-0.01619218
NEU-DET-2/train/images/crazing_263.jpg,-0.01623509
NEU-DET-2/train/images/crazing_211.jpg,-0.01628330
NEU-DET-2/train/images/crazing_189.jpg,-0.01631771
NEU-DET-2/train/images/patches_275.jpg,-0.01652196
NEU-DET-2/train/images/patches_150.jpg,-0.01667738
NEU-DET-2/train/images/crazing_95.jpg,-0.01692110
NEU-DET-2/train/images/rolled-in_scale_275.jpg,-0.01705986
NEU-DET-2/train/images/crazing_277.jpg,-0.01723378
NEU-DET-2/train/images/crazing_200.jpg,-0.01729382
NEU-DET-2/train/images/crazing_245.jpg,-0.01735028
NEU-DET-2/train/images/crazing_213.jpg,-0.01757144
NEU-DET-2/train/images/crazing_262.jpg,-0.01760313
NEU-DET-2/train/images/rolled-in_scale_173.jpg,-0.01769488
NEU-DET-2/train/images/crazing_283.jpg,-0.01773905
NEU-DET-2/train/images/patches_175.jpg,-0.01779153
NEU-DET-2/train/images/patches_241.jpg,-0.01782839
NEU-DET-2/train/images/pitted_surface_200.jpg,-0.01783851
NEU-DET-2/train/images/crazing_293.jpg,-0.01788150
NEU-DET-2/train/images/rolled-in_scale_165.jpg,-0.01810656
NEU-DET-2/train/images/patches_123.jpg,-0.01813176
NEU-DET-2/train/images/crazing_198.jpg,-0.01833284
NEU-DET-2/train/images/rolled-in_scale_192.jpg,-0.01835169
NEU-DET-2/train/images/crazing_69.jpg,-0.01846085
NEU-DET-2/train/images/crazing_225.jpg,-0.01849816
NEU-DET-2/train/images/patches_265.jpg,-0.01858517
NEU-DET-2/train/images/crazing_261.jpg,-0.01874597
NEU-DET-2/train/images/crazing_223.jpg,-0.01877060
NEU-DET-2/train/images/patches_167.jpg,-0.01882280
NEU-DET-2/train/images/crazing_284.jpg,-0.01884613
NEU-DET-2/train/images/patches_149.jpg,-0.01886611
NEU-DET-2/train/images/rolled-in_scale_144.jpg,-0.01888529
NEU-DET-2/train/images/crazing_124.jpg,-0.01894514
NEU-DET-2/train/images/patches_291.jpg,-0.01907177
NEU-DET-2/train/images/rolled-in_scale_164.jpg,-0.01909613
NEU-DET-2/train/images/crazing_87.jpg,-0.01917625
NEU-DET-2/train/images/rolled-in_scale_298.jpg,-0.01926142
NEU-DET-2/train/images/crazing_267.jpg,-0.01927098
NEU-DET-2/train/images/patches_191.jpg,-0.01932622
NEU-DET-2/train/images/crazing_161.jpg,-0.01942781
NEU-DET-2/train/images/rolled-in_scale_248.jpg,-0.01954132
NEU-DET-2/train/images/patches_97.jpg,-0.01964066
NEU-DET-2/train/images/patches_256.jpg,-0.01966559
NEU-DET-2/train/images/rolled-in_scale_240.jpg,-0.01986570
NEU-DET-2/train/images/patches_204.jpg,-0.01987071
NEU-DET-2/train/images/rolled-in_scale_183.jpg,-0.02021122
NEU-DET-2/train/images/crazing_164.jpg,-0.02025522
NEU-DET-2/train/images/crazing_207.jpg,-0.02031045
NEU-DET-2/train/images/patches_142.jpg,-0.02040200
NEU-DET-2/train/images/rolled-in_scale_178.jpg,-0.02065158
NEU-DET-2/train/images/rolled-in_scale_255.jpg,-0.02083731
NEU-DET-2/train/images/patches_126.jpg,-0.02095734
NEU-DET-2/train/images/rolled-in_scale_297.jpg,-0.02100926
NEU-DET-2/train/images/rolled-in_scale_199.jpg,-0.02111127
NEU-DET-2/train/images/patches_125.jpg,-0.02115787
NEU-DET-2/train/images/crazing_238.jpg,-0.02115954
NEU-DET-2/train/images/patches_117.jpg,-0.02121130
NEU-DET-2/train/images/rolled-in_scale_190.jpg,-0.02124965
NEU-DET-2/train/images/crazing_295.jpg,-0.02136479
NEU-DET-2/train/images/crazing_177.jpg,-0.02148558
NEU-DET-2/train/images/crazing_192.jpg,-0.02156648
NEU-DET-2/train/images/crazing_228.jpg,-0.02184890
NEU-DET-2/train/images/crazing_155.jpg,-0.02197722
NEU-DET-2/train/images/patches_183.jpg,-0.02202998
NEU-DET-2/train/images/crazing_204.jpg,-0.02203251
NEU-DET-2/train/images/patches_162.jpg,-0.02210836
NEU-DET-2/train/images/crazing_169.jpg,-0.02224934
NEU-DET-2/train/images/rolled-in_scale_141.jpg,-0.02229422
NEU-DET-2/train/images/rolled-in_scale_182.jpg,-0.02236564
NEU-DET-2/train/images/rolled-in_scale_170.jpg,-0.02239786
NEU-DET-2/train/images/crazing_86.jpg,-0.02240687
NEU-DET-2/train/images/rolled-in_scale_267.jpg,-0.02241251
NEU-DET-2/train/images/patches_122.jpg,-0.02241267
NEU-DET-2/train/images/rolled-in_scale_279.jpg,-0.02242345
NEU-DET-2/train/images/crazing_181.jpg,-0.02248362
NEU-DET-2/train/images/rolled-in_scale_75.jpg,-0.02255017
NEU-DET-2/train/images/crazing_113.jpg,-0.02256896
NEU-DET-2/train/images/crazing_147.jpg,-0.02267347
NEU-DET-2/train/images/crazing_240.jpg,-0.02306230
NEU-DET-2/train/images/crazing_83.jpg,-0.02322510
NEU-DET-2/train/images/patches_63.jpg,-0.02323858
NEU-DET-2/train/images/crazing_190.jpg,-0.02343215
NEU-DET-2/train/images/crazing_168.jpg,-0.02343420
NEU-DET-2/train/images/patches_77.jpg,-0.02350143
NEU-DET-2/train/images/patches_90.jpg,-0.02360308
NEU-DET-2/train/images/crazing_278.jpg,-0.02362543
NEU-DET-2/train/images/crazing_260.jpg,-0.02364255
NEU-DET-2/train/images/patches_267.jpg,-0.02371188
NEU-DET-2/train/images/rolled-in_scale_161.jpg,-0.02373051
NEU-DET-2/train/images/rolled-in_scale_181.jpg,-0.02377259
NEU-DET-2/train/images/rolled-in_scale_300.jpg,-0.02399554
NEU-DET-2/train/images/patches_177.jpg,-0.02401477
NEU-DET-2/train/images/crazing_222.jpg,-0.02405036
NEU-DET-2/train/images/rolled-in_scale_222.jpg,-0.02412797
NEU-DET-2/train/images/patches_270.jpg,-0.02416204
NEU-DET-2/train/images/crazing_70.jpg,-0.02416418
NEU-DET-2/train/images/crazing_191.jpg,-0.02432824
NEU-DET-2/train/images/crazing_165.jpg,-0.02440690
NEU-DET-2/train/images/rolled-in_scale_145.jpg,-0.02446200
NEU-DET-2/train/images/rolled-in_scale_142.jpg,-0.02455663
NEU-DET-2/train/images/crazing_259.jpg,-0.02458369
NEU-DET-2/train/images/crazing_67.jpg,-0.02474550
NEU-DET-2/train/images/patches_148.jpg,-0.02477097
NEU-DET-2/train/images/crazing_162.jpg,-0.02500629
NEU-DET-2/train/images/crazing_254.jpg,-0.02505622
NEU-DET-2/train/images/patches_198.jpg,-0.02538892
NEU-DET-2/train/images/crazing_203.jpg,-0.02558967
NEU-DET-2/train/images/crazing_271.jpg,-0.02571679
NEU-DET-2/train/images/rolled-in_scale_232.jpg,-0.02578682
NEU-DET-2/train/images/patches_251.jpg,-0.02592535
NEU-DET-2/train/images/rolled-in_scale_252.jpg,-0.02616337
NEU-DET-2/train/images/rolled-in_scale_243.jpg,-0.02616382
NEU-DET-2/train/images/crazing_299.jpg,-0.02628571
NEU-DET-2/train/images/rolled-in_scale_271.jpg,-0.02633096
NEU-DET-2/train/images/crazing_265.jpg,-0.02635296
NEU-DET-2/train/images/rolled-in_scale_282.jpg,-0.02645108
NEU-DET-2/train/images/rolled-in_scale_135.jpg,-0.02687127
NEU-DET-2/train/images/rolled-in_scale_134.jpg,-0.02745443
NEU-DET-2/train/images/patches_95.jpg,-0.02761153
NEU-DET-2/train/images/crazing_233.jpg,-0.02768906
NEU-DET-2/train/images/pitted_surface_276.jpg,-0.02769585
NEU-DET-2/train/images/rolled-in_scale_239.jpg,-0.02772981
NEU-DET-2/train/images/rolled-in_scale_177.jpg,-0.02774206
NEU-DET-2/train/images/patches_239.jpg,-0.02777286
NEU-DET-2/train/images/crazing_244.jpg,-0.02783251
NEU-DET-2/train/images/patches_118.jpg,-0.02783787
NEU-DET-2/train/images/rolled-in_scale_198.jpg,-0.02792022
NEU-DET-2/train/images/patches_259.jpg,-0.02794766
NEU-DET-2/train/images/rolled-in_scale_234.jpg,-0.02819587
NEU-DET-2/train/images/crazing_292.jpg,-0.02827026
NEU-DET-2/train/images/rolled-in_scale_287.jpg,-0.02834635
NEU-DET-2/train/images/patches_206.jpg,-0.02850093
NEU-DET-2/train/images/crazing_158.jpg,-0.02870367
NEU-DET-2/train/images/rolled-in_scale_230.jpg,-0.02871753
NEU-DET-2/train/images/rolled-in_scale_172.jpg,-0.02873979
NEU-DET-2/train/images/patches_104.jpg,-0.02875238
NEU-DET-2/train/images/crazing_241.jpg,-0.02888073
NEU-DET-2/train/images/patches_300.jpg,-0.02889751
NEU-DET-2/train/images/rolled-in_scale_79.jpg,-0.02890378
NEU-DET-2/train/images/crazing_163.jpg,-0.02905273
NEU-DET-2/train/images/patches_268.jpg,-0.02922170
NEU-DET-2/train/images/rolled-in_scale_273.jpg,-0.02922277
NEU-DET-2/train/images/patches_193.jpg,-0.02928349
NEU-DET-2/train/images/crazing_264.jpg,-0.02929215
NEU-DET-2/train/images/rolled-in_scale_169.jpg,-0.02931648
NEU-DET-2/train/images/crazing_201.jpg,-0.02941581
NEU-DET-2/train/images/patches_113.jpg,-0.02966920
NEU-DET-2/train/images/patches_290.jpg,-0.02970808
NEU-DET-2/train/images/patches_91.jpg,-0.03039307
NEU-DET-2/train/images/rolled-in_scale_263.jpg,-0.03039509
NEU-DET-2/train/images/crazing_275.jpg,-0.03041147
NEU-DET-2/train/images/rolled-in_scale_299.jpg,-0.03052006
NEU-DET-2/train/images/crazing_273.jpg,-0.03070367
NEU-DET-2/train/images/patches_102.jpg,-0.03102483
NEU-DET-2/train/images/patches_182.jpg,-0.03114603
NEU-DET-2/train/images/patches_88.jpg,-0.03118157
NEU-DET-2/train/images/rolled-in_scale_218.jpg,-0.03122832
NEU-DET-2/train/images/rolled-in_scale_223.jpg,-0.03140498
NEU-DET-2/train/images/patches_222.jpg,-0.03147164
NEU-DET-2/train/images/rolled-in_scale_284.jpg,-0.03172138
NEU-DET-2/train/images/patches_68.jpg,-0.03193129
NEU-DET-2/train/images/patches_112.jpg,-0.03202657
NEU-DET-2/train/images/rolled-in_scale_168.jpg,-0.03212863
NEU-DET-2/train/images/rolled-in_scale_247.jpg,-0.03216833
NEU-DET-2/train/images/patches_139.jpg,-0.03242768
NEU-DET-2/train/images/crazing_156.jpg,-0.03252048
NEU-DET-2/train/images/rolled-in_scale_202.jpg,-0.03252200
NEU-DET-2/train/images/rolled-in_scale_194.jpg,-0.03273112
NEU-DET-2/train/images/patches_98.jpg,-0.03278226
NEU-DET-2/train/images/crazing_175.jpg,-0.03281212
NEU-DET-2/train/images/crazing_231.jpg,-0.03290392
NEU-DET-2/train/images/crazing_300.jpg,-0.03296407
NEU-DET-2/train/images/patches_250.jpg,-0.03314583
NEU-DET-2/train/images/crazing_298.jpg,-0.03317606
NEU-DET-2/train/images/crazing_157.jpg,-0.03318983
NEU-DET-2/train/images/rolled-in_scale_187.jpg,-0.03321663
NEU-DET-2/train/images/crazing_88.jpg,-0.03336659
NEU-DET-2/train/images/crazing_178.jpg,-0.03345893
NEU-DET-2/train/images/rolled-in_scale_256.jpg,-0.03350090
NEU-DET-2/train/images/crazing_150.jpg,-0.03357694
NEU-DET-2/train/images/patches_153.jpg,-0.03383080
NEU-DET-2/train/images/patches_137.jpg,-0.03396099
NEU-DET-2/train/images/rolled-in_scale_214.jpg,-0.03417584
NEU-DET-2/train/images/rolled-in_scale_171.jpg,-0.03427267
NEU-DET-2/train/images/patches_154.jpg,-0.03440342
NEU-DET-2/train/images/patches_179.jpg,-0.03446700
NEU-DET-2/train/images/rolled-in_scale_238.jpg,-0.03453325
NEU-DET-2/train/images/patches_199.jpg,-0.03460383
NEU-DET-2/train/images/rolled-in_scale_174.jpg,-0.03462475
NEU-DET-2/train/images/patches_124.jpg,-0.03464738
NEU-DET-2/train/images/patches_229.jpg,-0.03480581
NEU-DET-2/train/images/rolled-in_scale_277.jpg,-0.03489074
NEU-DET-2/train/images/patches_108.jpg,-0.03490293
NEU-DET-2/train/images/patches_201.jpg,-0.03499463
NEU-DET-2/train/images/patches_72.jpg,-0.03503591
NEU-DET-2/train/images/rolled-in_scale_241.jpg,-0.03507705
NEU-DET-2/train/images/crazing_242.jpg,-0.03523633
NEU-DET-2/train/images/patches_269.jpg,-0.03535573
NEU-DET-2/train/images/crazing_235.jpg,-0.03538487
NEU-DET-2/train/images/crazing_288.jpg,-0.03544755
NEU-DET-2/train/images/rolled-in_scale_235.jpg,-0.03588649
NEU-DET-2/train/images/patches_157.jpg,-0.03599867
NEU-DET-2/train/images/crazing_80.jpg,-0.03613543
NEU-DET-2/train/images/patches_190.jpg,-0.03616776
NEU-DET-2/train/images/crazing_296.jpg,-0.03670361
NEU-DET-2/train/images/patches_144.jpg,-0.03670447
NEU-DET-2/train/images/patches_185.jpg,-0.03694780
NEU-DET-2/train/images/patches_237.jpg,-0.03746021
NEU-DET-2/train/images/patches_289.jpg,-0.03748301
NEU-DET-2/train/images/patches_197.jpg,-0.03779238
NEU-DET-2/train/images/patches_114.jpg,-0.03782431
NEU-DET-2/train/images/pitted_surface_155.jpg,-0.03793283
NEU-DET-2/train/images/patches_169.jpg,-0.03794773
NEU-DET-2/train/images/patches_67.jpg,-0.03820840
NEU-DET-2/train/images/patches_248.jpg,-0.03873710
NEU-DET-2/train/images/patches_273.jpg,-0.03877650
NEU-DET-2/train/images/rolled-in_scale_162.jpg,-0.03882018
NEU-DET-2/train/images/crazing_76.jpg,-0.03920825
NEU-DET-2/train/images/patches_254.jpg,-0.03929550
NEU-DET-2/train/images/patches_119.jpg,-0.03939467
NEU-DET-2/train/images/crazing_290.jpg,-0.03948598
NEU-DET-2/train/images/patches_158.jpg,-0.03985385
NEU-DET-2/train/images/rolled-in_scale_269.jpg,-0.04084511
NEU-DET-2/train/images/rolled-in_scale_264.jpg,-0.04090383
NEU-DET-2/train/images/patches_299.jpg,-0.04120197
NEU-DET-2/train/images/patches_134.jpg,-0.04125191
NEU-DET-2/train/images/patches_278.jpg,-0.04148953
NEU-DET-2/train/images/rolled-in_scale_185.jpg,-0.04154371
NEU-DET-2/train/images/patches_71.jpg,-0.04154800
NEU-DET-2/train/images/patches_189.jpg,-0.04154954
NEU-DET-2/train/images/rolled-in_scale_270.jpg,-0.04166092
NEU-DET-2/train/images/crazing_266.jpg,-0.04166986
NEU-DET-2/train/images/patches_133.jpg,-0.04169535
NEU-DET-2/train/images/patches_235.jpg,-0.04181042
NEU-DET-2/train/images/patches_283.jpg,-0.04208789
NEU-DET-2/train/images/patches_195.jpg,-0.04260691
NEU-DET-2/train/images/crazing_153.jpg,-0.04264993
NEU-DET-2/train/images/patches_120.jpg,-0.04265706
NEU-DET-2/train/images/crazing_247.jpg,-0.04274433
NEU-DET-2/train/images/patches_212.jpg,-0.04322631
NEU-DET-2/train/images/patches_228.jpg,-0.04354326
NEU-DET-2/train/images/rolled-in_scale_249.jpg,-0.04371779
NEU-DET-2/train/images/patches_89.jpg,-0.04384044
NEU-DET-2/train/images/rolled-in_scale_204.jpg,-0.04388829
NEU-DET-2/train/images/crazing_98.jpg,-0.04406476
NEU-DET-2/train/images/patches_236.jpg,-0.04406537
NEU-DET-2/train/images/crazing_243.jpg,-0.04438169
NEU-DET-2/train/images/patches_174.jpg,-0.04461852
NEU-DET-2/train/images/rolled-in_scale_265.jpg,-0.04467478
NEU-DET-2/train/images/crazing_291.jpg,-0.04472645
NEU-DET-2/train/images/crazing_179.jpg,-0.04486565
NEU-DET-2/train/images/rolled-in_scale_163.jpg,-0.04488576
NEU-DET-2/train/images/crazing_154.jpg,-0.04540366
NEU-DET-2/train/images/crazing_149.jpg,-0.04583931
NEU-DET-2/train/images/patches_211.jpg,-0.04601107
NEU-DET-2/train/images/rolled-in_scale_219.jpg,-0.04625758
NEU-DET-2/train/images/patches_138.jpg,-0.04639104
NEU-DET-2/train/images/patches_159.jpg,-0.04651982
NEU-DET-2/train/images/patches_81.jpg,-0.04681205
NEU-DET-2/train/images/patches_262.jpg,-0.04686011
NEU-DET-2/train/images/rolled-in_scale_231.jpg,-0.04715482
NEU-DET-2/train/images/patches_220.jpg,-0.04735213
NEU-DET-2/train/images/crazing_148.jpg,-0.04802825
NEU-DET-2/train/images/patches_115.jpg,-0.04820700
NEU-DET-2/train/images/patches_221.jpg,-0.04865891
NEU-DET-2/train/images/rolled-in_scale_285.jpg,-0.04884977
NEU-DET-2/train/images/patches_224.jpg,-0.04892864
NEU-DET-2/train/images/patches_152.jpg,-0.04900347
NEU-DET-2/train/images/crazing_73.jpg,-0.04926323
NEU-DET-2/train/images/patches_276.jpg,-0.04930690
NEU-DET-2/train/images/patches_143.jpg,-0.04956330
NEU-DET-2/train/images/patches_187.jpg,-0.04959923
NEU-DET-2/train/images/crazing_297.jpg,-0.04964676
NEU-DET-2/train/images/patches_202.jpg,-0.04972261
NEU-DET-2/train/images/patches_277.jpg,-0.04974128
NEU-DET-2/train/images/patches_271.jpg,-0.04981427
NEU-DET-2/train/images/patches_240.jpg,-0.04998730
NEU-DET-2/train/images/patches_196.jpg,-0.05060913
NEU-DET-2/train/images/patches_266.jpg,-0.05073788
NEU-DET-2/train/images/rolled-in_scale_253.jpg,-0.05074238
NEU-DET-2/train/images/patches_261.jpg,-0.05081432
NEU-DET-2/train/images/rolled-in_scale_233.jpg,-0.05088245
NEU-DET-2/train/images/patches_188.jpg,-0.05093075
NEU-DET-2/train/images/patches_223.jpg,-0.05144879
NEU-DET-2/train/images/patches_210.jpg,-0.05195259
NEU-DET-2/train/images/rolled-in_scale_257.jpg,-0.05195745
NEU-DET-2/train/images/patches_186.jpg,-0.05202437
NEU-DET-2/train/images/patches_297.jpg,-0.05211931
NEU-DET-2/train/images/patches_184.jpg,-0.05242165
NEU-DET-2/train/images/rolled-in_scale_274.jpg,-0.05242400
NEU-DET-2/train/images/patches_209.jpg,-0.05247653
NEU-DET-2/train/images/patches_65.jpg,-0.05297358
NEU-DET-2/train/images/rolled-in_scale_293.jpg,-0.05309992
NEU-DET-2/train/images/patches_171.jpg,-0.05348862
NEU-DET-2/train/images/patches_203.jpg,-0.05356677
NEU-DET-2/train/images/patches_181.jpg,-0.05453529
NEU-DET-2/train/images/crazing_97.jpg,-0.05486214
NEU-DET-2/train/images/rolled-in_scale_226.jpg,-0.05503122
NEU-DET-2/train/images/patches_180.jpg,-0.05576252
NEU-DET-2/train/images/rolled-in_scale_220.jpg,-0.05594153
NEU-DET-2/train/images/rolled-in_scale_246.jpg,-0.05599266
NEU-DET-2/train/images/patches_218.jpg,-0.05651999
NEU-DET-2/train/images/rolled-in_scale_245.jpg,-0.05663414
NEU-DET-2/train/images/rolled-in_scale_225.jpg,-0.05675009
NEU-DET-2/train/images/patches_263.jpg,-0.05719180
NEU-DET-2/train/images/patches_178.jpg,-0.05787504
NEU-DET-2/train/images/rolled-in_scale_286.jpg,-0.05790246
NEU-DET-2/train/images/crazing_84.jpg,-0.05823061
NEU-DET-2/train/images/rolled-in_scale_242.jpg,-0.05835557
NEU-DET-2/train/images/rolled-in_scale_259.jpg,-0.05844284
NEU-DET-2/train/images/patches_298.jpg,-0.05895469
NEU-DET-2/train/images/patches_192.jpg,-0.05898332
NEU-DET-2/train/images/patches_215.jpg,-0.05921917
NEU-DET-2/train/images/patches_164.jpg,-0.05994864
NEU-DET-2/train/images/rolled-in_scale_260.jpg,-0.06001930
NEU-DET-2/train/images/patches_213.jpg,-0.06020300
NEU-DET-2/train/images/rolled-in_scale_266.jpg,-0.06109795
NEU-DET-2/train/images/patches_252.jpg,-0.06153648
NEU-DET-2/train/images/rolled-in_scale_262.jpg,-0.06179989
NEU-DET-2/train/images/patches_245.jpg,-0.06242288
NEU-DET-2/train/images/patches_227.jpg,-0.06266376
NEU-DET-2/train/images/patches_225.jpg,-0.06269844
NEU-DET-2/train/images/patches_255.jpg,-0.06313367
NEU-DET-2/train/images/patches_246.jpg,-0.06363281
NEU-DET-2/train/images/patches_257.jpg,-0.06471074
NEU-DET-2/train/images/rolled-in_scale_261.jpg,-0.06537461
NEU-DET-2/train/images/patches_208.jpg,-0.06604005
NEU-DET-2/train/images/patches_128.jpg,-0.06657129
NEU-DET-2/train/images/patches_217.jpg,-0.06669355
NEU-DET-2/train/images/rolled-in_scale_224.jpg,-0.06697676
NEU-DET-2/train/images/rolled-in_scale_258.jpg,-0.06721590
NEU-DET-2/train/images/patches_242.jpg,-0.06801315
NEU-DET-2/train/images/patches_253.jpg,-0.06866319
NEU-DET-2/train/images/rolled-in_scale_236.jpg,-0.06867863
NEU-DET-2/train/images/patches_127.jpg,-0.06901196
NEU-DET-2/train/images/rolled-in_scale_186.jpg,-0.06924785
NEU-DET-2/train/images/patches_243.jpg,-0.07008070
NEU-DET-2/train/images/patches_207.jpg,-0.07020000
NEU-DET-2/train/images/patches_258.jpg,-0.07084151
NEU-DET-2/train/images/patches_264.jpg,-0.07164147
NEU-DET-2/train/images/patches_238.jpg,-0.07241044
NEU-DET-2/train/images/patches_226.jpg,-0.07411938
NEU-DET-2/train/images/patches_205.jpg,-0.07773054
NEU-DET-2/train/images/patches_214.jpg,-0.07825179
NEU-DET-2/train/images/patches_219.jpg,-0.07855254
NEU-DET-2/train/images/patches_216.jpg,-0.07882055
NEU-DET-2/train/images/patches_234.jpg,-0.07929660
NEU-DET-2/train/images/rolled-in_scale_268.jpg,-0.07936053
NEU-DET-2/train/images/patches_233.jpg,-0.08001370
NEU-DET-2/train/images/patches_232.jpg,-0.08137751
NEU-DET-2/train/images/patches_231.jpg,-0.08772425
NEU-DET-2/train/images/patches_244.jpg,-0.08925609
